Id,weight,State,score1/score2,visit1,visit2,visit3,visit4,visit5
997,25.363,'IB',10.35/10.12,2008/10/29,2001/3/17,3-6-2004,1-26-2009,2002/5/26
182,23.992,' MD',9.68/11.73,10-25-2009,2006/6/12,2000/12/23,2003/8/9,2000/6/12
580,23.869,Ind,10.64/9.12,2007/7/1,2001/3/18,2000/8/26,3-20-1998,2003/4/4
699,24.988,Ak,9.71/10.63,1-13-2006,2009/3/3,2-10-2007,7-29-2006,2002/6/4
603,25.062,Ky,11.51/10.18,2007/9/24,7-15-2003,2002/12/21,3-12-2002,6-20-2001
353,24.528,La,11.98/11.36,2000/4/2,2004/5/21,5-28-2007,2003/2/27,2006/4/21
267,24.466, MD,8.43/10.50,2006/12/19,2000/7/22,1-19-2007,2-8-2003,2002/10/6
236,22.417,CT	,9.40/9.71,1-29-2006,12-19-2001,2001/7/15,1993/4/4,4-16-2003
237,24.480,Ks,9.63/9.71,12-19-2007,2008/6/14,2006/6/27,5-21-2007,9-8-2002
251,23.194,La,9.84/9.79,2002/1/6,2009/8/15,11-26-2008,1999/8/17,2-4-2003
975,24.242,HI,11.55/11.03,2002/7/12,2003/10/29,2006/9/17,1-12-2007,3-10-2007
303,24.207,  IB,10.99/9.02,8-5-2002,4-27-2007,3-19-2006,2009/9/23,12-10-2005
378,24.286,Hawaii,11.54/9.55,2008/8/4,2009/9/11,8-15-2000,9-9-2003,2004/9/7
108,25.397,Fl,10.50/8.68,2008/2/20,1-15-2005,8-2-2003,7-13-2005,11-4-2000
529,23.491,CT,9.88/10.71,2007/3/11,2008/8/20,12-6-2009,1999/5/29,12-24-2006
46,23.114,ks,10.07/9.48,2-23-1,9/12/21,5-13-5,9-2-1996,4-22-4
475,23.218,Ctct,9.48/9.36,2002/6/22,2003/8/20,9-17-2002,1996/3/21,2008/2/8
380,22.808,LA,9.26/11.53,4-1-2005,2-18-2001,4-8-2002,3-4-1997,2006/4/6
398,24.125,Ad,11.36/10.74,2009/5/20,2006/9/15,2005/8/21,2000/11/11,2006/10/14
937,25.320,Me,10.42/12.83,2007/8/14,2004/1/24,1-15-2006,10-3-2006,2000/10/10
74,25.203,"""AZ	""",10.51/10.10,2008/5/21,11-4-2001,2003/1/5,10-13-2002,2005/9/4
96,23.930,"""kansas""",10.10/10.85,2006/6/15,12-5-2004,2000/10/13,10-20-1997,2002/10/12
402,24.215,AZ,9.35/9.19,2000/12/11,5-27-2003,8-6-2004,4-16-2007,2005/7/28
464,23.971,Az,8.05/9.84,10-25-2003,2002/8/2,2002/10/4,11-13-1999,2004/4/10
798,25.700,'LA',10.79/9.38,2003/6/20,12-13-2000,3-23-2001,2009/1/9,3-25-2004
200,24.142,"""HA	""",10.29/10.73,2008/8/4,1-25-2008,2008/1/29,2008/9/11,2003/7/19
944,24.409,Ca,10.22/10.17,2-8-2008,5-21-2007,7-3-2003,6-18-2003,7-27-2000
562,25.365,Co,11.66/10.73,1-10-2003,3-24-2007,2004/7/17,2-2-2002,2008/12/16
778,24.874,IB,8.14/9.45,9-24-2002,2009/9/21,2002/3/12,2003/9/29,2007/3/18
990,23.948, ind,10.18/11.09,5-1-2004,2004/5/19,4-21-2004,3-29-1994,2001/1/22
523,22.175,MD,12.87/11.86,2-26-2007,2000/12/24,8-27-2003,7-1-1999,10-10-2005
359,25.288, KY,9.26/10.48,8-13-2008,11-28-2003,2002/6/12,4-6-2006,4-29-2009
810,25.787, unknown,9.66/10.69,3-26-2009,2004/3/12,8-21-2000,2006/12/16,2002/8/3
835,25.383,ks,9.44/9.41,2000/8/5,3-26-2009,2003/8/8,9-4-2005,6-22-2008
742,23.181,Ib	,10.61/10.30,10-20-2007,2000/3/20,10-30-2008,3-18-1992,2002/8/24
442,25.426,"""ME""",8.98/9.22,8-1-2009,3-29-2008,2006/8/22,12-20-2000,8-9-2002
50,24.157, ma,9.62/10.55,7-19-2004,2001/2/22,2002/2/18,4-8-2006,3-16-2008
348,23.557,""" CTCT""",8.71/7.62,4-21-2008,2000/2/12,2002/3/30,3-13-1997,10-26-2007
597,23.941,Il,9.85/6.20,2007/11/4,2000/2/2,2003/10/30,5-7-1999,11-18-2004
591,24.177, IAKS,10.02/10.27,12-14-2004,2001/4/5,8-4-2008,2004/3/16,2007/10/16
538,23.721,""" (ia)""",9.76/10.02,8-21-2008,1-28-2000,6-2-2004,1991/2/15,7-1-2008
173,26.418, AD,9.64/9.04,10-23-2001,2003/8/5,6-14-2002,11-13-2001,2000/12/2
646,24.208,'  CT',9.24/8.34,11-3-2009,2000/12/24,6-8-2008,2004/3/13,1-4-2000
908,23.788,'alaska',11.64/9.63,2-29-2006,2009/4/24,2005/10/12,3-11-1999,10-23-2001
283,24.564, FL,8.66/9.88,2003/7/12,2009/7/27,2000/2/6,2007/7/17,8-8-2001
795,24.307,Me,10.73/10.37,2003/7/5,2003/2/19,2003/10/14,2006/7/27,2001/8/2
876,24.183,Ak	,11.00/10.36,1-6-2002,2007/3/7,2009/2/9,1-29-2005,11-29-2003
253,22.828,Ks,11.17/9.87,2008/10/29,10-16-2005,2001/6/29,1998/9/25,1-18-2004
221,22.947,Hi,9.76/9.36,2004/2/23,4-16-2003,2006/3/15,12-2-1993,5-16-2003
792,24.493, alaska,8.38/9.37,1-11-2007,2006/8/20,3-16-2007,2008/3/4,12-2-2007
708,24.387,IB,9.85/11.93,2006/10/29,2001/8/23,12-19-2001,2004/9/30,5-3-2005
45,24.884, (ia),9.51/11.07,12-26-5,3-19-2,4-5-8,11-8-3,8-29-9
726,24.328,Ct,9.92/9.05,10-4-2009,12-1-2006,2005/9/4,1-8-2009,11-12-2004
809,22.665,(ia)	,10.51/11.54,6-21-2009,2002/12/1,4-2-2009,1990/5/25,2000/12/26
641,23.348,Ky,10.62/11.46,2004/4/4,8-16-2004,5-5-2002,1997/12/13,2003/6/26
926,23.977,hawaii,11.80/10.73,2004/5/30,2004/6/7,2006/3/24,11-4-1997,2002/12/11
540,24.810, LA,9.88/9.83,6-4-2000,2-28-2000,2002/1/30,2006/10/29,4-7-2003
523,25.171,MI,9.14/9.30,6-18-2001,10-25-2008,2002/7/24,11-12-2005,5-22-2007
639,24.352,Mi,9.77/10.13,2003/3/7,2004/7/11,2-28-2006,2007/5/11,7-20-2006
111,23.584,ind,9.98/9.32,2001/12/13,2007/8/30,7-23-2009,1997/8/3,2-3-2002
515,24.291,Hawaii,9.64/10.35,1-28-2001,10-12-2005,5-8-2002,1-22-2002,8-17-2003
746,24.108,arizona,9.97/11.05,2007/1/9,1-17-2004,3-29-2002,7-18-2001,2-22-2000
615,24.095,OI,11.40/9.59,10-11-2003,9-26-2004,12-22-2009,3-3-2004,12-12-2006
315,23.460,' unknown',8.65/12.45,9-10-2008,2008/5/23,4-10-2004,1994/10/4,2005/1/29
419,23.878,""" AZ""",9.97/9.79,1-10-2009,2009/8/6,2005/12/2,8-9-1998,10-1-2001
781,24.072, IB,9.99/9.09,6-2-2001,2004/7/23,6-3-2001,2009/9/5,2003/7/21
476,24.121,CO,10.78/10.37,2004/4/10,2002/1/23,2004/1/26,8-26-2007,2008/6/18
223,24.528,' IB',10.02/8.12,2004/2/20,4-30-2000,6-23-2001,2006/7/10,2009/11/14
910,22.712,'IL',10.22/10.99,2006/12/8,2000/10/25,6-12-2006,9-19-1991,2002/5/8
902,22.414, IB,9.63/8.91,2000/12/20,11-17-2006,1-10-2002,1992/9/5,3-10-2002
179,24.669,In,9.66/10.62,2004/8/14,2003/7/17,2002/2/7,9-28-2001,2006/8/11
660,24.563, CT,8.57/10.34,9-13-2007,8-4-2004,2009/5/28,2004/5/26,2006/5/29
120,22.811,CT,12.37/10.79,2003/1/25,3-11-2008,6-6-2008,1997/8/1,2007/12/23
502,24.875, ME,10.11/10.06,2001/1/2,6-19-2003,2003/11/20,2008/7/9,5-1-2002
450,24.799,ID,10.18/9.77,2004/5/10,2001/9/27,11-28-2008,2000/3/15,8-14-2005
760,23.550,other,11.45/10.10,2-12-2007,2000/9/20,5-8-2002,5-29-1992,8-14-2009
83,22.450,(ia),10.30/9.46,2007/7/9,2001/6/24,8-4-2000,1998/11/6,2009/3/8
257,25.483,'ID',10.09/8.68,8-6-2008,2006/9/21,2008/6/6,9-19-2000,2004/2/18
953,22.916,IL,8.53/10.85,4-11-2005,2003/1/15,2008/7/3,1990/4/23,2002/7/7
762,25.914,"""AZ""",10.46/8.94,11-17-2004,2006/1/29,11-30-2005,4-24-2005,10-21-2001
578,23.945,'unknown',9.43/11.12,9-17-2004,5-24-2003,2000/11/25,1999/5/24,2004/8/4
880,23.039,IN	,10.64/11.01,2003/6/12,2009/1/12,10-29-2007,10-19-1996,3-25-2000
968,24.489,AD	,10.64/9.35,11-10-2004,12-6-2005,2007/10/23,2008/11/23,9-20-2007
67,22.928,Arizona	,8.43/10.44,2007/9/10,2002/3/30,9-21-2003,3-13-1999,2000/10/8
848,22.939, other,9.56/11.29,11-29-2007,2009/8/1,11-6-2007,1994/1/22,11-17-2004
634,22.723,GA,9.92/9.46,10-29-2007,5-11-2007,2006/7/24,1994/7/24,7-19-2002
414,24.350, ak,11.42/10.27,2008/6/12,12-25-2009,2006/6/14,2007/12/17,2008/4/8
217,23.661,HA,10.39/9.72,2004/3/11,2009/2/8,2007/6/10,1992/8/2,5-15-2007
716,24.057,'AZ',9.49/9.64,9-12-2000,2003/5/23,5-18-2000,2001/1/20,10-17-2009
857,22.950, kansas,10.82/9.78,2002/12/13,8-10-2003,2007/12/8,1990/9/2,2000/11/14
527,23.297,  ID,8.25/9.92,3-25-2006,2004/5/25,2002/11/20,1999/2/10,5-19-2009
718,23.557,Ad	,9.42/9.48,2005/5/12,2000/9/11,3-16-2002,4-28-1998,2003/1/14
296,24.029,De,9.52/11.24,4-25-2005,2-27-2003,2000/12/21,2-29-2009,2000/2/11
541,22.520,kansas,10.68/8.69,2006/8/19,2003/11/8,3-15-2005,1991/4/22,2001/1/21
788,24.753,AL,10.74/9.84,2006/9/19,4-13-2001,2007/6/24,2-23-2009,11-17-2006
998,22.854,La,11.21/10.14,7-30-2000,9-30-2006,2001/10/3,1990/3/7,11-28-2008
77,25.129,  LA,9.24/9.42,7-5-2009,2007/12/16,2003/6/4,5-23-2006,2-3-2007
872,24.463, ks,8.74/8.30,2000/3/28,2004/11/13,2003/1/25,9-11-2003,2004/8/25
849,24.605,calif,NA/9.25,2002/7/1,2008/11/18,2-11-2007,2-20-2008,2007/2/12
73,23.050,Kansas,11.10/7.78,6-9-2007,5-26-2000,11-2-2004,3-4-1997,2004/8/6
392,22.831,Unknown	,9.43/10.59,2000/11/4,9-23-2003,2009/5/30,1993/6/24,1-5-2005
672,23.834,Conn,9.60/10.41,12-23-2003,2003/8/21,1-7-2005,1-9-1993,8-4-2008
811,23.658,Md,11.49/8.97,2004/1/14,2008/1/30,2-17-2007,1997/9/29,11-18-2002
164,24.525,"""hawaii""",8.84/10.41,2005/12/20,2-17-2006,2003/10/23,2002/10/5,11-20-2005
13,23.104,'IB',11.22/9.23,6/11/7,11-5-6,1/11/29,4-19-1998,8-16-1
270,22.210,IB,9.93/9.30,2006/1/19,1-20-2002,2003/12/10,2-28-1995,2007/10/4
51,24.666,Ca	,9.12/11.81,8-17-2002,2001/2/29,10-1-2001,2005/2/1,11-9-2007
524,23.772,"""HA""",10.38/11.66,3-25-2007,2001/5/14,7-12-2003,8-15-1992,2001/5/5
799,25.326,'OI',8.72/10.44,2002/4/30,2001/9/13,5-27-2006,2003/2/10,2003/5/27
6,24.850,AD,10.82/10.09,5-14-9,11-15-1,9-6-3,6/5/14,6/2/4
370,23.713,AD,10.36/8.67,2006/12/16,2008/4/24,2008/7/15,7-21-1995,2001/8/27
774,22.079,"""AZ	""",9.90/8.71,5-16-2004,2-3-2008,2001/4/26,2-19-1995,2001/9/26
691,23.176,CTCT,9.77/10.07,2000/3/9,11-4-2007,4-4-2001,5-18-1995,4-9-2002
709,24.073,LA,8.87/10.29,1-23-2002,2006/7/20,8-10-2001,1-14-2005,2007/1/9
289,24.314,"""unknown""",9.25/9.56,2009/12/24,3-27-2009,2007/1/9,2008/9/30,2000/2/4
426,23.801,  alaska,10.65/10.55,2007/8/5,12-28-2008,2000/1/7,9-8-1993,8-28-2008
264,24.236, co,9.45/10.11,5-9-2008,2006/6/21,2003/4/23,3-6-2009,2007/5/24
899,24.057, other,10.66/10.95,5-30-2001,10-15-2001,2005/3/3,2006/12/21,5-15-2006
993,23.122, ky,8.84/8.51,2-19-2006,2004/8/12,4-26-2007,1998/10/8,2007/11/20
628,23.545,(ia),8.67/9.39,8-9-2006,7-25-2000,2006/2/7,1-24-1994,9-16-2003
43,23.907, MD,11.40/10.98,2/8/14,4-23-6,12-25-0,1997/12/26,8/2/16
53,23.516,  MI,9.31/8.55,2009/6/2,2003/3/4,2009/10/11,6-26-1992,2006/1/27
36,25.536,Co,11.53/9.71,6-30-2,3/10/5,3/5/2,10-5-0,3-19-6
604,24.401,Hawaii,9.42/9.97,12-6-2009,10-1-2008,2004/9/10,2003/7/14,8-11-2004
144,24.567,Conn,9.75/9.91,2-22-2001,12-27-2009,2001/1/29,2002/3/12,2006/5/16
678,24.304,OI	,9.97/10.37,2-27-2001,2009/1/12,2008/11/15,2009/12/10,4-30-2006
157,23.429,calif,10.42/10.35,2009/7/11,8-4-2002,2004/11/24,3-9-1996,2007/8/2
215,25.178,"""ks""",9.47/11.87,9-13-2005,2004/3/11,2005/3/7,1-21-2003,2009/8/20
427,23.986,GA,9.11/10.03,8-27-2005,2005/3/10,2008/9/29,8-21-1999,2007/1/26
659,22.665,'CA',10.85/10.13,6-13-2008,4-22-2003,10-30-2008,1994/8/6,2008/5/18
858,22.686,IL	,7.67/9.77,6-1-2008,4-8-2006,2005/11/12,1990/4/11,5-20-2000
136,23.873,Id,10.43/11.68,2005/3/20,2009/9/12,10-12-2002,3-28-1997,2009/2/6
740,24.055,Ak,10.62/10.03,2008/5/27,2-2-2007,2001/8/6,5-21-2001,7-6-2003
487,23.436,  OI,8.97/10.53,2001/3/30,2003/1/12,2007/9/27,1993/4/1,2009/4/6
184,23.171,alaska,11.43/10.62,2008/10/3,2009/8/7,2009/10/20,1993/8/25,7-11-2000
134,25.732,MI,8.78/9.22,8-1-2003,3-22-2008,4-4-2008,3-21-2002,2006/7/20
985,26.552,"""other""",9.50/8.75,2009/11/21,7-28-2000,2004/10/23,2-27-2003,11-6-2002
890,24.143,alaska,9.41/10.39,8-2-2006,9-7-2006,12-5-2009,3-10-2004,9-2-2007
47,23.961, conn,9.51/10.65,6-4-2,8/5/24,12-4-0,12-21-1996,9/3/13
28,22.494, Ind,10.75/10.22,9-21-2,9/5/14,12-26-3,1993/3/30,11-10-9
477,22.841,  Ks,8.93/10.76,4-8-2005,1-8-2005,2001/7/21,1999/12/5,2001/6/10
982,22.929,Id,8.61/10.53,2005/9/26,2002/12/28,7-26-2004,7-23-1993,2001/11/30
701,24.760,"""AD""",7.60/9.92,11-28-2004,7-14-2003,2-23-2002,2-19-2000,11-28-2008
668,24.422,'AK',9.20/10.71,2000/4/24,2004/2/27,2003/7/13,5-14-2007,2004/11/18
593,25.102,Me,8.85/11.11,2-5-2000,10-1-2000,5-22-2000,2005/9/26,2009/3/22
385,23.728,Ma,8.21/10.69,5-18-2008,2006/7/27,2005/8/14,1995/10/23,2005/2/18
57,22.604,"""MI""",8.99/10.32,2003/12/12,2007/7/16,2-24-2008,3-5-1995,2000/9/30
68,23.084, Ca,10.20/11.44,2002/1/10,5-27-2005,2003/12/10,1995/4/29,2-20-2000
350,22.390,"""IAKS""",10.06/10.88,2007/8/8,2007/11/18,6-22-2004,1999/8/16,2009/1/5
175,23.686,MI,10.15/8.93,11-22-2002,8-22-2005,7-2-2008,5-9-1997,9-19-2005
648,24.829,  conn,8.44/9.56,2-24-2001,2009/12/30,3-27-2002,12-22-2009,7-24-2000
973,25.000,""" kansas""",9.98/7.20,2007/12/26,12-1-2007,2000/1/3,2006/9/27,2000/12/16
449,25.146, ca,9.28/10.68,2000/9/24,2004/3/8,2002/2/12,2-13-2000,5-26-2002
97,24.290,FL,8.60/10.20,2007/10/6,2002/1/16,3-2-2001,1-7-2001,10-7-2009
750,22.519,HA,10.27/9.77,11-24-2009,3-19-2005,6-28-2006,1999/12/27,10-5-2009
401,22.108,Ak,10.82/9.51,2007/1/26,5-27-2004,2007/12/22,3-16-1993,2005/6/8
532,25.286,HI,8.55/8.77,2008/12/3,2008/11/18,2002/8/26,1-14-2005,2000/12/26
907,24.951,GA,9.99/9.80,2-26-2009,12-17-2007,2005/2/10,2002/7/29,12-6-2008
518,22.926, (ia),10.32/10.39,3-13-2009,1-14-2009,11-5-2009,1998/7/12,2000/1/25
894,24.937,'other',10.56/9.93,8-17-2006,3-28-2006,2004/7/27,3-26-2001,4-15-2002
635,24.204,Az,8.84/10.14,6-20-2006,8-15-2004,2006/9/18,2-10-2005,2006/5/10
831,23.959,Arizona,9.81/8.77,2005/4/23,7-22-2002,11-17-2007,1990/10/27,2-12-2009
454,23.366,  CO,8.57/11.25,2003/1/16,2002/8/13,2008/2/27,3-24-1997,12-2-2002
649,25.096,Ma,9.23/9.46,11-16-2000,2009/7/26,3-8-2007,7-24-2007,2003/5/9
583,24.180, GA,9.97/9.26,8-18-2006,2000/2/26,5-2-2009,2008/10/9,9-3-2009
437,22.857,CA,7.91/10.70,4-15-2006,2002/11/24,2007/11/4,1999/6/1,2-5-2000
90,25.663,Hawaii	,9.57/9.48,2-19-2000,3-29-2001,4-27-2004,2008/6/26,2006/1/6
600,23.036,CTCT,10.36/10.95,2006/6/11,2001/10/8,2005/9/21,12-7-1997,3-2-2002
434,24.172, hawaii,9.46/9.06,8-17-2007,2006/5/7,6-10-2006,2005/5/19,2007/5/6
132,24.242,Mich,9.47/10.05,5-12-2001,8-21-2000,2-24-2002,6-23-2005,2003/4/15
683,25.131,Oi,10.16/10.47,2002/4/26,3-22-2006,2-12-2007,2005/5/18,4-26-2006
896,24.887,ME,9.59/10.30,2009/12/5,3-10-2008,3-20-2007,2007/11/17,2009/7/29
119,24.588,'other',9.79/10.38,8-11-2001,2001/9/28,3-16-2002,2000/1/25,6-12-2000
807,23.055,Ca	,10.73/10.09,8-25-2008,2000/11/4,2006/6/5,5-6-1998,11-23-2002
14,24.495,'AZ',9.35/10.33,6-14-2,4/2/12,6/6/18,5/8/16,7/6/9
229,24.329,Unknown,9.68/10.75,1-16-2006,5-12-2001,11-1-2002,2001/7/12,9-7-2000
810,24.129, Ga,9.25/8.58,3-23-2009,2005/10/27,2001/7/13,8-14-2004,7-11-2003
191,23.864,"""HA""",10.73/11.58,4-16-2002,2004/5/11,7-10-2004,12-8-1994,2008/8/18
686,22.948,conn,8.62/7.64,2008/6/5,8-7-2009,2009/5/25,1999/7/13,2006/12/25
544,22.508,CTCT,9.49/9.55,2000/12/8,2002/10/4,2000/9/3,2-12-1997,11-10-2000
954,24.406,"""IN""",11.08/10.72,2-17-2006,11-14-2003,1-5-2004,2008/10/5,2006/7/10
190,23.183,KY,9.59/10.29,8-7-2008,2000/11/24,8-17-2002,7-30-1994,2009/6/16
860,23.937,'OI',10.11/9.21,2002/2/25,2006/12/5,5-14-2008,1-15-1996,2006/7/10
336,25.030,ID,10.42/11.48,10-8-2002,1-17-2007,5-16-2007,2005/7/29,2007/6/17
351,23.656, MA,10.57/9.78,5-11-2004,2006/3/19,2-23-2005,1991/2/1,5-26-2004
321,24.814,conn	,9.79/7.22,12-11-2002,3-6-2004,2007/7/29,3-13-2002,7-3-2001
382,22.949,Kansas,10.23/9.38,2008/12/27,1-3-2006,6-10-2009,1999/2/22,2006/10/1
796,22.120, AZ,9.02/9.15,2004/4/4,7-10-2005,11-3-2009,1990/9/11,2006/1/9
441,23.776,"""ind""",9.79/8.10,2008/4/12,2-23-2009,10-21-2003,6-4-1992,10-28-2001
358,24.136,'  OI',9.84/9.56,2-2-2008,2-21-2007,2009/11/7,9-29-2003,2004/5/17
812,24.757,Co,10.56/9.62,8-13-2007,2003/5/29,2006/7/17,2006/9/20,3-4-2006
201,23.433,De	,10.44/7.76,12-13-2003,6-29-2005,2005/12/27,1993/11/21,2002/6/24
687,23.705, ME,10.96/11.34,6-20-2001,2003/12/28,3-28-2006,11-4-1995,2003/12/8
885,24.054,Ak,9.98/11.04,2002/9/24,1-16-2004,2009/4/8,2007/9/30,2002/6/24
789,24.726, ID,9.69/9.36,2001/9/27,2005/2/25,2009/11/24,12-29-2007,7-25-2004
621,24.090,Ks,11.42/8.71,2001/6/9,2004/1/20,1-9-2007,2003/5/28,6-26-2000
719,22.837,"""IN""",10.41/9.77,9-15-2005,7-27-2006,2004/10/10,1991/8/2,6-10-2004
495,24.732,Hawaii,10.59/9.89,6-10-2002,2002/12/11,2001/5/17,2004/9/8,2006/3/17
369,24.159,Ctct,10.83/9.52,2009/9/12,2001/7/23,12-6-2004,1-16-2001,3-26-2002
262,24.447,IB	,11.09/9.05,2-3-2005,2006/11/9,5-1-2003,2009/9/12,2001/9/20
247,25.087,MI,10.61/11.58,1-10-2008,2007/10/23,2006/3/23,2000/2/24,2009/3/5
987,23.402, mich,10.35/10.47,2008/5/1,3-30-2007,2002/7/16,11-23-1998,12-29-2003
887,23.982,Hawaii,9.46/10.62,2000/7/19,2003/4/12,11-2-2006,10-27-1992,3-17-2005
410,22.539, In,11.27/8.88,2008/9/7,2000/10/11,2006/1/18,1996/10/19,6-22-2003
456,23.439,Other,11.99/9.14,2004/7/22,2003/3/30,2000/12/28,9-23-1991,10-10-2008
730,25.741,AK,9.42/10.12,5-3-2000,11-10-2000,10-17-2004,11-16-2006,6-24-2007
232,22.812,AD,9.74/9.11,2001/1/13,5-5-2000,2007/2/30,1995/4/9,2009/1/7
684,23.421,"""calif""",9.62/12.35,12-19-2009,2007/8/23,2009/8/27,1990/9/11,10-1-2004
566,24.066,Ha	,9.28/10.64,2-14-2001,2004/3/23,8-5-2009,5-25-2007,2-16-2002
713,24.267,DE,8.74/10.43,5-25-2002,2001/7/14,2003/5/5,2005/11/19,2004/2/25
455,23.961,"""IL	""",11.31/10.05,6-16-2002,2-16-2007,7-19-2000,1993/10/19,10-24-2008
32,24.157,  kansas,9.85/11.11,2/12/11,10-19-0,4/11/13,5/6/9,7/10/19
616,22.615,LA,10.82/8.49,10-18-2006,6-15-2008,2008/2/3,1993/4/21,8-23-2003
186,22.818, IAKS,10.53/10.98,2006/1/26,2000/5/7,2002/9/11,1993/12/24,2003/5/10
411,24.232,HI,11.40/11.13,2003/8/2,2005/6/5,9-9-2008,2000/5/27,1-26-2004
662,21.440,Me,11.13/10.94,2009/10/9,2000/1/30,2005/2/28,1997/12/20,2008/6/22
972,24.323,KY,10.13/9.04,1-8-2007,11-10-2003,2009/8/10,2007/10/21,2008/2/30
682,24.459,ID,8.02/8.30,7-13-2009,2007/12/29,2003/10/20,9-11-2000,2001/7/25
698,22.140,LA,10.31/11.31,6-30-2004,2008/3/11,2005/12/14,9-26-1995,9-15-2001
723,24.952,KY,10.86/9.60,5-30-2009,9-4-2002,2003/11/4,4-4-2005,2001/9/16
866,24.011,(ia),11.54/10.53,2000/10/20,10-27-2000,2000/11/3,2002/2/28,2005/10/30
629,24.126,  ks,9.15/9.65,2009/8/11,2005/1/26,2001/4/16,2004/5/24,11-4-2006
66,23.842,mich,11.09/10.77,12-7-2009,8-25-2007,7-5-2003,10-8-1990,2007/9/16
463,24.138,'calif',10.39/10.60,2006/11/16,2004/10/29,12-19-2002,2009/11/7,1-29-2003
375,24.400, conn,10.77/10.99,3-25-2003,1-19-2009,2-9-2004,9-18-2008,2001/9/22
373,22.866,Co,10.88/13.02,2009/6/26,2004/9/28,12-7-2009,6-5-1992,12-13-2000
665,22.242, OI,10.04/10.03,4-3-2009,12-2-2006,2006/3/30,7-11-1999,2-2-2002
310,24.025,'IB',10.65/9.44,5-17-2009,6-29-2001,2002/9/16,3-25-2000,2-10-2009
873,23.772,'arizona	',9.08/10.22,5-6-2009,8-15-2006,2004/10/19,10-1-1997,2005/5/2
195,24.861,HA,10.55/9.74,10-9-2006,11-28-2006,2000/7/15,2007/7/20,2004/4/24
970,22.801,"""IAKS""",8.83/8.76,4-14-2002,2003/7/15,8-14-2004,1997/8/4,4-5-2007
256,24.871,  unknown,9.56/8.93,2003/11/15,7-8-2005,2007/8/7,2004/8/27,2009/4/3
165,23.031, calif,10.71/10.10,2009/1/17,11-30-2004,2005/2/22,1998/2/3,12-30-2005
900,24.967,FL	,10.42/9.41,10-3-2002,12-4-2005,2000/6/24,12-23-2007,8-20-2008
505,23.105,Iaks,8.11/10.76,2003/1/27,2003/2/20,2006/10/3,1990/1/30,2001/6/28
677,23.724,Ctct,7.88/10.67,4-18-2008,12-16-2003,2003/5/12,8-10-1998,2001/1/29
673,24.780,CA,9.77/11.09,2005/11/4,2004/11/28,5-25-2002,9-3-2001,5-24-2000
59,25.231,arizona,10.42/9.07,2006/2/4,2009/1/4,2008/8/12,2004/2/22,11-12-2005
489,24.130,AK,8.92/7.95,2001/11/21,2007/6/7,5-10-2000,3-19-2000,2003/5/16
779,23.187,Ad	,9.91/8.93,11-3-2006,2009/5/6,11-30-2000,1998/4/15,11-27-2005
300,24.807,Ha,9.58/10.35,2009/10/18,2001/6/19,2004/10/25,2004/11/6,2001/10/27
490,23.218, ak,11.64/11.59,3-1-2006,2008/8/9,8-13-2004,2-29-1992,2005/2/8
929,23.620,' HA',9.57/10.05,3-21-2005,2003/3/30,7-18-2006,8-8-1996,11-23-2003
102,22.836,"""HI	""",11.20/11.65,10-12-2004,2002/6/16,2004/10/17,1995/8/14,12-15-2002
607,22.295,AK,9.16/11.36,9-22-2006,2005/6/18,2-22-2006,1991/7/30,11-14-2008
750,23.374, ad,10.69/10.15,9-10-2001,4-8-2005,12-2-2008,11-22-1992,7-26-2001
180,23.869,'alaska	',9.14/9.50,8-20-2004,4-24-2004,2002/12/11,3-26-1991,4-9-2008
306,25.096,Kansas,10.68/9.43,6-24-2000,2001/11/7,11-7-2001,12-30-2003,3-1-2005
624,24.092,ID,8.97/9.56,7-11-2004,10-23-2002,6-2-2003,6-18-2005,2002/1/17
279,23.370,Hawaii,10.75/8.68,8-12-2003,2-14-2001,2009/6/17,1-5-1999,10-25-2008
273,24.593, mich,10.28/9.20,2003/2/23,10-6-2005,2002/11/3,2009/7/22,4-25-2002
396,25.197, ctct,8.90/10.21,2-25-2003,2005/9/16,11-21-2006,2007/1/21,11-5-2003
851,24.049,ID,12.83/11.29,2001/11/6,2007/10/9,2009/10/27,2008/4/17,2000/6/30
935,22.232, Iaks,10.59/10.68,8-28-2001,2004/5/1,2000/1/18,1993/10/5,2002/12/6
806,23.460,"""Hawaii	""",10.52/9.44,2001/3/3,2002/6/13,2001/3/14,1995/7/17,2-19-2002
842,22.569,CA,9.35/11.14,1-8-2000,5-13-2007,7-18-2006,3-3-1990,2006/8/9
27,22.685, hawaii,10.67/11.15,4/12/25,8/5/22,2/10/24,9-6-1999,10-20-2
178,23.921,'CTCT',10.59/9.55,2002/3/11,3-4-2001,2001/8/26,4-26-1992,2007/6/30
816,24.021,Alaska,9.17/8.53,2009/2/14,6-10-2000,2000/10/8,9-8-2000,2001/1/11
818,23.943,  IB,9.13/9.20,2002/11/13,1-22-2009,8-21-2001,1997/4/27,2005/1/29
674,24.708,'alaska',8.93/10.89,2001/10/3,2004/6/14,5-29-2000,2001/12/1,2008/1/24
511,22.750,Mi,8.49/10.86,2005/12/11,5-16-2008,9-19-2003,1994/1/3,2000/11/16
271,23.035, AD,9.58/10.58,7-16-2000,2005/6/11,1-10-2003,2-29-1990,2007/2/17
868,24.281,Ga,9.13/11.41,4-7-2004,2007/1/28,1-1-2008,2003/2/2,2007/3/6
246,23.868, Fl,8.14/10.79,2009/2/11,2002/9/2,1-24-2000,1996/11/5,2008/7/30
161,23.987,La,8.92/10.47,2001/6/25,8-11-2003,2002/1/25,2000/1/19,1-28-2008
667,23.415,KY,10.23/9.35,2007/11/19,5-4-2002,2004/6/2,1991/1/18,2004/11/20
830,24.253,Calif,8.93/9.98,2006/6/2,1-18-2000,6-10-2009,1-9-2000,8-3-2001
219,25.020,Fl,9.55/8.91,2000/9/28,9-17-2004,2006/7/22,11-14-2003,10-24-2003
968,23.882,AZ,9.77/11.56,3-30-2001,8-11-2007,2005/4/2,1993/5/9,9-23-2007
470,24.269,AZ,8.94/11.58,11-30-2004,10-27-2009,3-15-2007,2007/3/4,2007/6/27
557,23.105, OI,10.79/10.50,2004/5/5,7-26-2006,2002/12/11,1993/9/17,2003/12/15
554,24.578, unknown,11.76/10.77,11-9-2004,2003/7/19,2004/10/5,2003/4/11,11-3-2007
772,25.393,HA,9.40/9.35,12-1-2002,6-22-2004,8-21-2000,2005/11/8,9-15-2004
337,24.031,"""DE""",9.67/9.70,2007/6/7,2008/4/1,12-8-2008,2000/6/15,2003/2/6
886,22.965,Az,10.58/10.26,10-18-2007,9-23-2006,5-21-2004,8-28-1996,5-4-2002
277,24.111, ME,9.94/9.99,2004/6/3,2-18-2004,2009/10/6,2006/3/22,2005/7/24
467,23.120,unknown	,10.32/8.98,5-5-2001,5-21-2001,2002/3/2,1990/9/6,2001/8/1
790,24.607,  arizona,9.79/8.57,10-14-2007,9-11-2002,2000/11/13,8-13-2004,3-2-2008
366,24.281,"""  hawaii""",9.63/10.84,2001/12/23,4-17-2001,2004/2/11,2000/6/5,2003/8/24
824,24.809,Conn,10.86/9.36,5-25-2008,2005/7/12,3-30-2007,6-12-2006,2006/1/29
783,23.278,"""DE	""",11.10/10.26,2000/7/2,2009/3/4,1-28-2008,1991/3/24,2007/10/10
82,24.270,conn,9.20/8.53,5-12-2007,10-16-2003,10-1-2004,7-1-2005,12-5-2002
288,23.713,other,10.31/10.31,7-20-2004,6-6-2005,6-10-2005,5-17-1999,1-1-2007
162,23.265,  ind,10.10/9.77,2003/4/3,2006/9/29,6-29-2003,1992/10/24,8-6-2001
312,22.837,HA,9.07/9.95,2-3-2007,2005/12/13,2006/4/18,1-10-1993,11-21-2004
702,24.262,ind,10.07/11.14,2008/11/22,2007/8/15,2-13-2009,1-15-2008,2009/10/26
978,23.303,alaska,10.60/10.08,4-16-2006,10-21-2001,2001/1/19,7-3-1998,2002/6/10
707,22.702, la,9.59/9.16,10-19-2008,2005/3/30,2006/2/27,9-5-1996,6-9-2003
40,23.553,IB,11.94/9.54,2/6/13,4-19-8,11-9-9,11-15-1999,4/7/17
147,22.777,'mich',10.16/10.13,2005/1/23,2007/9/13,2008/5/24,2-3-1991,12-23-2004
590,22.966,  MA,9.79/10.52,2002/8/6,4-19-2007,1-8-2009,1993/12/8,2009/4/3
520,23.731,  mich,8.66/9.76,2009/12/8,7-9-2007,2009/2/14,11-18-1995,2006/2/21
252,25.066,Mi,10.86/9.17,7-12-2006,2004/2/1,7-13-2005,3-21-2001,2005/10/25
585,23.993,Md,10.61/9.43,2002/5/7,5-3-2000,2004/8/11,3-21-2008,3-9-2002
69,23.286,(Ia),8.97/7.21,10-29-2001,2006/3/21,2004/6/19,7-8-1990,2006/8/13
254,23.678,AK	,10.29/9.21,2004/12/14,2001/9/26,1-17-2000,1997/7/27,3-14-2002
95,25.351, IB,10.67/9.64,2003/10/24,8-19-2009,2000/8/1,2004/10/14,2003/4/16
572,24.913,HI,9.56/11.43,2008/11/13,2004/11/4,8-2-2002,10-18-2007,2004/1/12
260,25.483,Fl,9.90/10.52,5-15-2008,6-1-2000,2001/1/28,2008/7/18,5-13-2002
435,23.979,' ks',10.45/10.08,2004/8/20,8-13-2006,11-9-2005,9-19-1994,6-30-2006
391,23.841,IAKS,9.35/10.92,9-8-2002,7-8-2005,2000/1/16,1994/5/10,7-6-2008
864,23.247,Calif	,11.48/9.65,2008/11/26,11-23-2004,8-8-2004,1990/8/7,2008/6/14
609,23.795,HA,10.38/9.03,7-9-2008,2001/2/5,11-16-2001,1995/12/8,4-30-2009
981,23.813,ME,8.98/9.97,2009/7/15,2005/10/14,2000/10/1,1-1-1997,10-18-2000
516,23.461, Ak,10.17/10.61,2008/10/29,2009/11/8,9-1-2004,9-21-1990,9-10-2006
758,24.220,mich,12.17/9.76,7-12-2009,7-16-2006,2003/3/14,2009/7/27,7-24-2003
813,23.860,ind,10.47/10.29,8-19-2004,11-22-2008,2004/11/26,1999/2/29,11-1-2006
700,23.295,  hawaii,10.33/10.05,10-19-2005,10-29-2004,9-29-2001,11-7-1991,4-21-2008
138,23.057,IAKS,10.23/10.76,11-25-2009,9-27-2007,2006/11/1,1994/2/2,2008/5/5
317,23.288,  HI,10.53/8.82,2006/11/25,2000/7/22,7-21-2003,2-2-1995,2001/3/29
311,24.094,Other,10.22/9.23,8-30-2001,2000/11/7,2008/4/26,12-2-2005,2005/7/25
512,22.689,  IAKS,9.78/9.14,2004/9/4,2002/11/25,2006/12/17,4-21-1992,12-18-2007
546,24.270,arizona,10.05/9.78,2-18-2003,2002/6/21,10-20-2009,2007/9/4,10-18-2003
276,23.637,CA,9.80/8.20,2008/12/28,2-19-2005,2-26-2008,1995/4/9,2000/4/14
568,24.795,""" FL""",9.47/9.01,9-1-2006,5-22-2002,4-6-2002,2002/7/6,6-20-2005
630,23.711,Mich,11.32/9.07,2007/8/11,2008/4/14,6-26-2002,1993/5/20,9-5-2002
462,24.680,"""MD""",10.19/9.93,2007/11/1,2009/8/8,2008/6/13,5-1-2007,2003/6/3
865,22.898, conn,9.82/11.46,2005/5/29,8-7-2008,2008/11/20,6-2-1995,2006/9/24
787,24.288,HA,10.05/10.20,2003/5/15,2-13-2006,2005/10/12,2001/2/14,6-5-2006
800,23.084,  Other,9.83/10.29,2009/8/26,2001/9/6,2008/3/30,1994/5/30,2003/2/27
962,22.352,GA,11.72/9.50,7-24-2001,2005/12/6,6-3-2009,1994/11/5,4-3-2004
669,24.248,IL,10.12/10.55,2-26-2001,12-27-2005,4-6-2002,8-3-2006,7-17-2005
347,22.407,"""  kansas""",9.15/10.36,10-29-2004,2002/4/4,3-3-2008,1998/10/2,9-18-2004
965,24.249,  ad,10.49/11.86,5-8-2009,8-24-2000,2002/11/26,2003/4/6,2006/2/9
386,22.963, ma,9.93/9.81,2007/7/25,2-23-2007,5-26-2007,1999/3/22,11-26-2001
316,23.054, IB,10.37/9.37,7-28-2001,2001/3/28,2002/8/7,1998/1/5,4-3-2003
855,23.289,  Ga,9.87/10.30,2-26-2002,9-8-2007,5-16-2000,11-26-1992,2006/4/5
827,24.846,  Mich,9.27/10.47,2009/3/14,12-24-2005,6-6-2007,2006/9/8,2004/5/22
296,23.167,Other,9.19/10.32,2001/11/30,12-17-2002,9-17-2000,1993/3/13,7-19-2008
81,24.345,Md,9.85/9.02,2005/5/23,3-2-2006,1-11-2007,7-20-2003,10-15-2006
263,23.068,MA	,10.13/10.86,2000/5/8,2006/8/28,8-6-2005,11-11-1994,2003/2/7
614,23.748,' AK',8.72/9.95,2005/7/28,2001/1/15,6-10-2002,1990/2/19,2003/7/29
104,25.150,"""AK""",10.46/10.37,2001/12/1,2005/11/12,2-23-2004,2008/12/26,2002/8/4
553,24.453,mich,8.79/10.62,9-28-2004,7-22-2003,1-26-2005,2009/1/17,2003/3/7
920,24.012,AZ,10.79/10.70,1-28-2003,2003/2/11,2005/6/14,2003/12/15,7-24-2003
914,23.436,"""  MD""",10.57/9.52,2003/3/19,2000/8/19,8-25-2007,9-11-1996,11-9-2008
542,24.523,IL,10.93/10.43,2008/5/18,1-2-2006,12-9-2006,2002/3/14,6-4-2007
577,25.209,Ca,10.53/9.61,5-16-2003,3-9-2004,2005/5/18,2005/4/30,2009/8/25
240,23.748,CTCT,10.06/9.06,2004/7/3,2001/9/15,2005/3/23,1995/4/20,2008/11/28
513,24.642, In,10.03/10.11,2004/11/29,6-3-2001,6-7-2000,7-26-2002,8-20-2006
909,23.823,Calif,9.12/8.23,2003/12/30,1-23-2008,7-29-2004,1996/7/5,7-29-2003
918,23.203,"""DE""",10.58/12.03,2006/1/17,2008/11/8,2001/6/17,1993/7/27,12-24-2008
48,24.223,Al	,8.92/11.02,12-22-5,7/9/17,10-14-3,7-6-9,9/2/5
281,26.196,arizona,9.29/9.55,7-14-2001,3-9-2000,2002/4/9,7-29-2000,2009/1/10
72,23.878, Iaks,9.93/8.98,2001/8/6,5-30-2008,2007/10/6,1998/5/17,9-7-2009
988,23.821,AK,9.77/9.50,2007/5/30,4-7-2008,2008/10/27,9-4-1995,2007/11/24
559,23.923,Ga,9.70/8.77,2001/5/19,2009/6/17,2006/8/26,11-30-1997,9-20-2009
915,24.195,'  MA',8.78/9.54,5-7-2007,2000/7/18,6-17-2004,2008/4/17,2002/3/27
139,23.404,  Ad,10.58/10.26,11-28-2000,4-7-2007,8-5-2009,10-18-1992,3-8-2008
494,23.420,  IL,8.81/10.79,7-2-2003,2002/1/27,2008/10/28,1990/6/11,9-13-2003
840,23.559,AD,9.25/8.83,6-25-2002,5-21-2007,5-8-2009,8-20-1996,7-19-2005
491,23.376,'OI',8.29/9.42,2000/6/10,2000/6/4,4-17-2004,8-23-1998,3-14-2001
493,22.519,'AZ',9.46/10.08,2-26-2003,2008/1/27,2009/10/2,1997/2/6,2009/8/18
892,25.378,IB,8.56/8.63,2001/8/20,7-4-2005,6-4-2002,2003/6/10,2006/5/3
965,22.889,alaska,9.74/9.57,4-5-2007,2006/1/8,2005/11/22,10-25-1994,9-18-2006
594,23.072,Hawaii	,9.58/10.28,6-11-2004,2006/11/3,2009/2/21,1995/2/9,2008/4/5
100,24.718,KY,11.70/11.02,2009/2/13,4-30-2001,1-7-2005,2-23-2005,2006/8/3
552,24.969,Ga,9.52/9.99,11-2-2004,10-2-2007,2004/2/21,11-27-2008,2001/8/18
563,24.211, conn,9.92/9.66,2007/8/8,2007/6/28,2002/5/16,8-1-2005,2007/3/15
193,24.667,' MI',9.23/9.23,10-2-2009,2002/4/9,9-24-2005,9-12-2001,9-15-2007
346,22.817,'other',10.19/11.24,12-23-2005,12-28-2005,2007/12/16,1997/3/20,9-27-2003
932,23.341,""" HA""",12.33/11.12,2002/9/24,4-17-2005,2004/12/30,1993/5/19,2007/5/10
483,23.757,mich,9.05/9.00,1-2-2002,10-13-2009,8-24-2001,1-28-1997,2006/8/1
142,23.551,'HI',7.98/10.92,9-5-2003,5-20-2006,2007/8/19,2-8-1992,10-4-2008
29,24.944,hawaii,10.67/10.83,8/2/9,1/4/4,8/9/27,4/11/20,3/5/2
771,25.294,Hawaii,11.09/10.44,2008/5/27,2000/1/27,2009/1/10,2001/3/5,8-13-2006
826,25.194,De,7.92/11.97,4-30-2009,2000/2/1,11-10-2008,2002/3/20,4-5-2000
330,26.534, Calif,10.40/11.21,9-14-2002,2001/9/9,1-10-2009,10-24-2009,1-8-2003
445,23.629,'HA',9.50/10.15,12-6-2007,1-27-2003,2007/10/10,1998/2/5,2001/8/11
510,23.492,Ak,9.27/11.78,4-21-2008,2003/10/22,2004/5/21,12-20-1999,2009/3/25
496,25.058,MA,10.64/10.16,7-24-2003,2005/2/10,2009/6/17,5-19-2000,2-17-2007
230,23.021,Ctct,8.49/10.73,11-16-2003,2009/2/21,4-28-2000,4-5-1995,12-24-2003
356,23.975,  Iaks,8.45/8.52,10-11-2005,2001/3/5,11-27-2000,1996/11/5,10-10-2005
636,23.641,Md,9.81/9.49,2004/3/11,1-15-2001,7-17-2009,1992/10/17,2-8-2007
934,24.691,OI,10.70/9.32,2009/3/3,7-24-2006,2008/11/30,12-28-2007,2002/9/18
919,24.269,Hawaii,9.30/9.22,2007/11/22,3-15-2008,2008/9/11,11-11-2002,2005/2/6
242,23.275,Kansas,11.13/10.99,8-6-2005,11-23-2008,10-20-2002,2-27-1998,6-1-2002
979,24.827,IB,9.37/8.59,6-30-2005,2001/7/20,2000/12/23,2009/11/2,6-7-2009
451,24.649,Arizona,9.78/11.34,6-30-2007,3-17-2005,2004/7/10,2009/7/3,12-27-2005
88,24.511,GA,10.77/8.46,5-15-2000,2006/11/15,2-6-2005,9-14-2009,1-17-2002
169,23.245, Al,9.41/10.03,2005/4/14,1-22-2009,2001/11/18,10-20-1993,7-29-2008
124,25.314,IL,9.92/9.41,2003/9/1,8-9-2004,2003/9/29,2005/10/13,4-16-2003
591,23.403, DE,8.22/11.79,3-11-2007,2008/1/4,2007/2/21,1994/9/11,10-11-2003
461,24.117,other	,10.59/11.61,12-28-2002,2002/11/7,8-27-2001,2005/8/5,2000/10/15
45,24.867,"""MA""",11.41/10.34,1-19-2009,2002/11/6,2005/11/7,8-30-2006,1-12-2001
379,23.442,AK,10.12/8.91,2002/11/17,6-3-2009,2-1-2006,2-9-1999,2-16-2006
222,23.741,calif,9.93/9.48,2001/7/26,2006/4/1,2007/5/7,8-11-1995,2001/9/10
884,24.749,  al,10.05/10.41,2-2-2000,11-29-2005,11-25-2008,10-6-2000,2002/1/8
151,24.641,"""ks""",10.17/9.53,2006/3/23,2009/2/26,2002/5/5,7-2-2006,2008/4/9
202,24.764,HA,9.11/11.12,2003/8/8,2008/5/6,2000/7/18,1-12-2007,3-23-2007
514,24.304,"""IN""",10.36/9.59,12-3-2006,4-25-2004,2001/5/18,4-8-2009,2005/10/7
588,25.062,'ID',8.95/8.46,6-21-2003,11-29-2009,2005/10/16,3-19-2003,5-7-2007
38,24.555,AZ,10.63/10.85,8/4/17,9/11/19,1-16-3,1/6/10,12-7-4
472,23.527,DE,10.01/11.08,2002/1/20,1-3-2005,2004/8/9,6-19-1993,12-3-2009
545,24.277,CT,10.07/10.17,2001/3/7,2000/2/27,12-27-2001,2004/9/27,2003/12/4
534,23.139,""" kansas""",11.57/9.78,3-25-2003,2009/12/13,2007/4/18,1999/2/27,12-2-2000
465,24.323,calif,10.21/10.07,2-15-2004,12-14-2009,2000/1/5,2002/1/19,3-13-2007
668,22.474,calif,10.74/9.64,2002/9/17,2005/3/24,1-8-2009,9-4-1991,1-24-2003
170,25.180,MI,9.84/8.17,2009/8/26,6-23-2004,6-21-2003,2005/2/6,2001/1/19
626,24.237,Alaska,11.69/9.40,2003/9/18,4-10-2007,1-10-2004,2003/12/6,5-10-2002
177,25.464,LA,10.19/8.89,2000/4/25,2-11-2007,2004/1/14,2002/8/27,12-3-2002
781,25.265,"""kansas""",10.25/10.30,2000/6/17,2-21-2001,2007/3/1,9-20-2007,2005/9/10
150,23.394,La,10.40/9.78,1-14-2001,9-22-2000,2000/10/2,1998/9/1,2000/5/12
786,24.397,AK,12.38/10.35,10-14-2008,3-5-2006,2009/2/27,1-17-2005,9-20-2009
675,23.792,Ct,10.07/8.59,2007/11/17,2009/5/2,2005/3/24,9-9-1990,10-12-2005
106,23.925,De,10.17/10.33,2004/3/8,3-7-2001,2006/11/18,2-15-1991,6-6-2003
72,25.475, Ca,10.94/11.39,12-8-2001,2009/9/6,9-13-2000,2006/1/5,11-9-2002
773,24.333,Hi,9.93/10.16,1-14-2008,2005/3/22,8-13-2008,4-9-2001,2000/3/8
850,25.806,ind,9.85/10.20,2002/12/26,9-4-2005,2001/3/4,4-6-2008,11-30-2000
638,23.970,'MA',8.38/11.51,2003/4/13,2006/12/18,2004/7/15,3-8-1990,2006/7/8
117,25.962,Kansas,10.54/9.77,2004/11/2,2001/7/12,2001/8/7,7-28-2008,2000/8/22
992,24.921,MD,10.49/10.93,3-4-2009,2007/7/3,8-7-2002,2004/12/20,2007/11/30
135,25.282, HI,8.04/9.06,7-14-2006,2-18-2000,2009/8/5,5-7-2002,7-24-2006
794,23.371,Ib,9.91/10.26,2002/12/4,4-9-2005,8-30-2008,1990/9/2,1-15-2001
314,24.355,(ia),8.39/9.92,8-10-2007,4-10-2004,8-25-2009,1-13-2007,2003/5/7
555,24.741,LA,9.32/10.19,9-1-2000,2008/10/24,9-15-2004,12-10-2006,2008/5/30
31,23.796,other,9.01/10.28,4-12-2,3-27-8,3-10-2,1998/11/1,9/1/15
721,21.873,conn	,9.29/10.09,2003/6/25,3-4-2007,1-2-2006,1998/6/26,2001/7/9
44,23.061,  ks,9.17/9.65,5-6-7,10-22-8,6-24-7,7-8-1992,9/3/20
368,23.045,' AD',10.59/9.28,2005/9/21,2007/8/11,9-21-2004,9-23-1996,9-26-2008
469,22.798,'DE',11.92/9.28,12-16-2009,2004/5/7,3-12-2009,1995/1/18,2006/3/30
431,22.038,"""AD	""",9.43/9.57,2001/4/4,5-29-2005,5-1-2004,1992/11/1,2001/10/2
18,21.681,  iaks,10.51/9.78,6/3/5,12-16-9,3/1/26,1999/4/19,5/1/23
650,22.059, calif,11.54/9.52,2006/6/17,2002/5/10,2001/10/13,1990/7/17,2-10-2009
87,22.524,Alaska,11.79/9.16,2009/2/12,5-30-2005,6-19-2006,1995/8/20,9-3-2003
845,25.633, mich,11.18/9.92,1-14-2007,2007/10/11,8-19-2003,4-22-2008,12-25-2003
816,24.918,ind	,10.21/10.57,1-10-2006,11-23-2001,6-11-2003,2002/4/18,2005/2/19
168,23.487,  AZ,9.56/11.24,2006/5/27,4-20-2008,2009/12/20,1993/7/3,3-23-2004
695,24.912,Oi,8.85/10.94,5-14-2007,2-24-2006,11-3-2002,8-3-2009,8-7-2000
737,24.708,' IN',9.64/10.09,2000/7/3,2006/5/23,6-2-2006,2004/8/23,12-10-2008
936,23.924,alaska,8.56/9.56,2000/5/22,2006/5/18,3-9-2008,1992/5/6,2002/2/3
372,24.709,In,10.78/9.81,2-19-2001,11-19-2001,2-13-2000,7-26-2002,3-28-2007
290,23.833,La	,10.28/9.80,8-9-2007,2003/7/17,2000/3/5,1994/1/16,2005/8/3
460,24.722,  CTCT,10.08/9.04,1-14-2003,10-8-2004,2007/6/8,7-18-2001,5-17-2003
610,24.460,CA,11.13/11.63,2001/1/19,5-4-2001,2001/12/30,2008/8/14,2001/8/26
103,23.762,Hawaii,10.92/10.73,6-14-2001,3-30-2007,2007/8/6,11-17-1991,4-17-2008
460,24.428,'MA',10.66/10.90,2008/5/10,2000/2/17,1-15-2005,9-13-2008,8-27-2008
722,23.604,ind,10.05/9.24,2008/9/19,2001/1/21,4-25-2008,7-25-1999,10-21-2002
83,24.728,'IAKS',10.13/10.85,2004/4/23,2000/9/19,2006/11/26,2009/11/4,9-11-2003
642,24.962,CTCT,10.71/10.91,3-1-2002,1-13-2006,2001/3/14,2002/3/11,4-27-2002
543,23.931,Iaks,10.94/11.53,7-15-2005,1-9-2003,2006/9/29,1990/12/7,2002/6/30
238,24.329,Mich,10.78/10.96,9-27-2003,2007/11/2,2000/12/21,4-16-2004,8-13-2000
423,22.793,  IB,10.06/11.11,2009/5/29,2000/1/26,2006/6/2,6-29-1990,2002/12/9
212,23.170,(ia),7.87/9.76,2005/4/6,8-16-2002,11-5-2003,1992/2/30,2006/8/26
98,25.063,DE,9.89/9.78,2-29-2000,10-21-2005,2000/1/23,2-25-2009,2005/2/4
384,23.049,'MI',9.96/9.22,12-11-2007,2005/12/7,2006/7/8,5-4-1995,2005/12/24
805,23.871,"""  arizona""",11.47/9.61,8-22-2006,12-29-2008,2006/7/17,8-19-1990,2001/6/29
869,23.925,  ME,10.13/9.92,2007/7/12,2000/11/8,2004/2/17,1990/6/29,2006/2/28
422,22.622, DE,9.03/9.19,5-25-2001,10-4-2005,6-16-2002,1995/6/6,2002/9/16
462,24.631,LA	,10.01/11.96,7-7-2004,2001/6/20,2004/6/26,2001/11/3,2000/6/11
149,22.943, KY,9.99/12.14,11-4-2003,12-14-2001,9-10-2001,10-14-1993,2002/2/18
412,23.852,' HA',8.28/10.16,7-28-2006,1-22-2001,2006/9/13,1990/4/12,2001/7/6
80,23.755,Hawaii	,9.82/8.44,8-17-2000,2005/10/3,5-7-2008,3-7-1993,1-27-2006
617,23.187,MI,10.72/8.26,2-30-2002,11-7-2003,2002/4/13,1995/2/23,2005/3/15
407,23.818,Id,10.27/9.17,2006/6/19,11-22-2008,2006/4/19,5-2-1994,7-7-2003
963,24.552,Ak,11.97/11.57,12-20-2008,1-28-2002,11-20-2007,6-22-2000,2009/3/27
943,24.777,MA,9.74/7.82,2007/6/17,2002/12/15,2004/11/8,12-14-2007,2006/11/12
632,23.840,Hawaii,10.96/8.86,2005/4/29,2003/11/25,2007/3/27,1991/6/25,2006/9/2
548,22.295, MI,10.55/7.99,4-29-2006,6-22-2006,1-1-2004,2-4-1997,7-6-2008
207,23.020,AZ,10.21/9.11,2007/11/13,2008/7/21,10-29-2001,6-9-1992,2005/10/19
33,24.150,  LA,10.52/8.74,10-23-2,4-19-2,3/9/28,7/1/23,7-16-3
660,25.639,"""AD""",10.25/9.38,2003/6/22,8-3-2003,10-26-2000,2002/5/24,2001/7/14
288,24.221,Ak	,10.79/10.03,8-21-2000,2003/2/10,12-24-2007,2006/11/12,2007/2/2
752,23.325,'AZ',11.29/8.05,4-4-2000,2008/6/17,2002/6/16,9-12-1992,2007/9/6
471,25.258,mich,11.24/9.10,6-3-2008,2004/8/1,2008/9/6,2-5-2005,9-13-2001
561,22.424,Conn,9.88/10.94,6-13-2005,9-26-2008,2004/6/6,1994/9/18,2000/3/9
205,22.298,MI,9.30/9.85,2004/9/8,2004/11/13,2008/12/13,1990/11/6,8-21-2008
99,24.530,"""AL	""",10.12/11.15,10-14-2001,10-26-2005,9-30-2005,9-13-2000,2000/9/24
710,25.058,Ga,10.29/9.46,2007/12/14,12-24-2006,2005/2/28,9-20-2000,4-17-2001
35,24.804,AL,8.61/10.42,10-12-2,11-9-8,7-15-2,9/2/1,12-25-5
996,24.525,Ct,8.69/9.86,2007/2/30,2005/2/4,2000/12/6,8-15-2004,5-25-2006
619,23.982,GA,10.76/10.73,2003/9/20,2006/11/29,12-4-2008,1995/12/19,2005/10/27
166,23.480,Ak,8.07/10.23,2000/2/18,4-17-2003,2005/1/25,9-13-1996,2005/12/29
366,23.844,Ct,9.37/11.57,2-27-2009,2002/6/14,1-21-2002,8-25-1992,2007/5/18
453,23.800,Ha	,9.88/7.33,2006/6/21,2007/2/13,12-22-2006,7-16-1998,2002/5/14
447,25.470,De,9.21/8.44,2008/7/11,2005/1/15,11-12-2009,11-24-2004,1-20-2005
332,24.432, CO,9.82/8.75,6-7-2004,12-8-2006,2005/10/12,10-8-2009,3-8-2000
307,24.259,unknown,10.89/11.48,2006/11/18,2005/9/8,2006/11/18,4-11-2001,12-21-2009
938,24.391,AK,11.13/10.15,6-3-2001,6-29-2005,2003/11/29,2007/1/2,2001/1/5
654,25.189,arizona,9.90/9.76,9-1-2004,2004/10/16,12-28-2003,4-27-2007,12-15-2000
265,23.390, ME,8.64/10.73,11-10-2002,8-30-2006,5-18-2001,1993/12/3,2-5-2005
923,24.098,"""MA""",10.08/10.02,2-8-2002,1-19-2004,9-2-2007,8-23-2004,2001/2/1
739,25.314,IN,10.21/9.33,3-8-2003,11-5-2000,10-11-2003,2003/12/22,2000/1/4
278,23.554,"""MI""",NA/9.80,5-5-2001,2006/1/8,2007/11/19,8-15-1995,11-22-2006
413,23.532,HA,8.93/10.70,2003/12/7,5-21-2007,11-23-2003,3-21-1990,2003/5/1
891,25.919,ks	,11.56/12.46,6-26-2001,2002/10/30,2003/7/12,6-22-2003,2005/6/1
250,23.859,La,8.46/10.68,2006/10/9,4-30-2002,5-29-2003,1999/7/17,11-1-2003
584,23.938,'other',7.96/10.24,8-21-2006,2001/3/10,2008/5/29,9-4-1992,2000/12/6
797,23.507,  ct,12.25/8.22,3-14-2000,7-21-2007,4-19-2005,1993/4/3,2-30-2002
861,25.947,ind,10.24/10.74,12-9-2009,2008/2/28,2006/7/10,2003/9/21,2000/1/5
940,24.652,  calif,9.08/10.07,6-21-2000,1-29-2003,7-24-2006,10-16-2007,12-3-2001
245,24.930,Arizona,9.27/11.73,11-2-2001,8-19-2007,2006/5/4,1-28-2006,10-26-2003
302,24.082,IB,10.57/8.58,3-5-2004,5-26-2009,2002/9/10,6-29-2009,2003/3/18
777,21.931,hawaii,8.95/11.76,1-4-2004,11-26-2007,8-16-2005,1991/4/13,3-21-2006
912,23.165, calif,10.11/10.29,2000/7/13,2008/7/14,2-9-2003,1994/10/3,2000/9/25
823,23.328,  Al,10.34/9.68,2007/10/2,10-17-2005,6-1-2006,3-25-1990,2002/2/28
357,24.426, Al,9.69/9.87,2006/1/12,2004/12/26,11-9-2000,1-12-2000,3-21-2007
266,23.671,"""KY""",9.17/11.51,1-9-2009,12-17-2005,12-12-2002,11-29-1992,4-11-2000
755,24.014,alaska,11.11/9.10,2009/10/9,9-11-2008,2002/5/22,11-5-2005,2006/7/4
691,24.657,MA,9.79/8.81,2001/6/21,2004/9/16,2-1-2006,11-30-2005,6-1-2000
0,23.866, ME,9.99/10.63,10-29-7,7/10/14,8/4/2,1992/2/16,9-3-5
167,24.715,IL,9.49/11.42,3-27-2006,7-28-2003,2002/9/20,2009/8/18,2003/2/4
241,26.064, hawaii,11.17/10.59,7-29-2003,2006/7/8,2000/5/7,7-29-2001,2000/3/27
206,24.056,  unknown,11.00/11.83,2007/10/3,7-8-2007,4-5-2000,10-25-2009,10-5-2004
582,23.135,alaska,11.59/10.01,2004/9/6,2004/2/11,8-4-2005,8-16-1991,2005/6/5
22,24.716, Mi,7.88/9.53,2/7/4,3/1/28,5/4/11,5/12/23,3/4/22
127,27.147,ind,11.51/10.30,10-17-2002,2-7-2001,7-18-2009,2003/11/25,2009/6/25
101,25.089,  kansas,9.64/11.99,2008/8/5,11-23-2002,1-8-2006,1-29-2005,2009/11/18
105,24.046,  IAKS,10.81/10.45,2007/9/28,3-25-2003,12-14-2001,2006/9/25,2000/4/22
480,23.938,In,10.49/10.30,2009/1/24,10-4-2003,12-10-2008,6-4-1998,12-20-2007
764,23.682,GA,11.03/9.84,2008/12/18,7-15-2009,7-10-2008,1992/12/30,2009/9/30
210,25.026,IAKS	,9.67/9.55,2002/10/26,11-22-2004,2-29-2000,2003/4/28,1-7-2006
37,25.198, alaska,8.72/10.09,7/10/29,1/10/8,5/1/17,4/2/21,1-7-1
837,26.273,' HI',9.81/8.29,12-13-2008,2006/11/22,2006/3/29,7-4-2000,4-28-2000
951,25.686, conn,9.06/10.78,2003/1/26,10-30-2005,3-4-2003,3-14-2002,3-2-2001
203,23.883,DE,11.18/9.93,1-13-2008,2-6-2002,2003/2/5,3-20-1993,4-14-2005
878,24.735,Hawaii,10.50/9.42,2007/2/14,2004/10/25,2002/3/10,2009/3/28,12-20-2003
123,22.507,alaska,9.74/10.28,2001/1/8,2004/3/16,2000/11/21,6-19-1994,2002/3/27
605,24.823,MI,8.89/9.45,2009/4/17,2007/9/2,2009/11/14,1-25-2005,2-16-2001
714,23.488,Ib	,11.44/11.84,9-19-2001,2001/10/25,2005/6/28,4-22-1996,2-3-2002
304,22.298,ks,10.94/11.03,6-29-2009,7-2-2009,2006/10/9,1993/2/18,2007/4/24
732,25.583,"""Hawaii	""",10.59/8.95,1-29-2006,3-29-2006,10-3-2001,1-1-2006,9-20-2005
957,26.352,'KY',9.00/9.35,11-29-2006,2001/6/15,2000/2/15,2000/5/1,2006/4/29
883,23.047,HA,9.86/8.69,3-9-2004,9-18-2001,7-2-2007,11-2-1999,2-2-2006
697,25.636,  kansas,9.11/8.77,2000/12/21,3-4-2003,9-17-2003,4-5-2005,5-14-2004
208,24.913,"""IL""",9.32/10.53,2009/10/11,2008/10/28,2009/2/8,2001/7/25,2005/8/11
113,23.918,KY,11.05/8.25,2001/12/22,2004/10/25,7-27-2004,1995/3/15,8-29-2005
949,23.542,"""other	""",10.29/12.23,2002/10/25,2008/8/1,2005/8/11,2-8-1991,2009/1/19
199,22.920, ib,9.55/8.27,2000/5/21,1-16-2001,3-8-2009,1997/12/6,2002/5/3
504,24.027,calif,11.70/9.30,3-21-2004,4-30-2001,1-17-2004,2000/7/25,2000/2/26
754,23.744, MD,9.79/9.63,2004/4/14,1-8-2006,10-13-2004,7-18-1990,2004/6/16
715,24.396,kansas,10.71/9.21,6-7-2000,6-3-2001,2009/12/7,2003/10/2,12-24-2000
459,24.477,GA,12.00/10.21,2000/6/15,2006/7/14,2007/4/29,9-25-2007,11-19-2000
191,24.423,ME,9.20/10.07,4-5-2004,2004/6/18,2002/2/18,11-19-2005,4-12-2009
196,24.448,FL,10.07/9.66,10-18-2009,4-8-2008,6-24-2007,6-6-2001,3-27-2003
468,22.876,""" HI""",8.66/11.29,9-27-2001,2004/11/24,2000/4/13,6-11-1996,2-3-2006
780,23.307,Fl,11.60/9.72,2008/6/25,2008/4/10,2005/11/13,1-2-1998,2005/6/2
333,24.272,Ad,9.28/9.78,2-16-2008,3-11-2002,2000/7/8,2009/3/3,2007/5/13
243,22.802,AK,11.35/8.43,7-17-2009,8-8-2006,11-12-2000,3-27-1991,2003/9/18
474,22.940,CT	,9.83/10.06,2001/12/1,2000/10/19,2-3-2000,2-15-1998,9-10-2006
421,22.253,ks,9.19/7.96,11-2-2001,2000/10/2,3-9-2002,3-6-1998,12-19-2008
744,23.366,Me,9.50/8.63,2001/10/16,2004/8/20,2-17-2001,1994/3/8,2000/1/1
958,22.975,other,8.07/9.83,10-12-2005,9-23-2005,2003/5/7,1996/7/13,2002/10/13
814,23.346,ME,11.35/10.48,2009/2/29,11-20-2007,2006/9/10,3-15-1992,6-12-2005
299,23.944, ind,9.83/10.53,11-1-2005,2002/11/12,5-28-2002,1991/9/25,7-7-2003
620,23.376,Co,9.97/11.44,9-30-2004,2004/8/4,2006/2/23,1-11-1998,4-4-2009
269,23.155,'AL',10.10/10.64,1-19-2006,12-28-2009,3-30-2002,1-30-1991,2007/4/19
284,24.846,DE,10.24/11.88,2006/7/1,11-18-2008,2009/12/6,11-22-2008,2007/5/6
536,25.620,AK,9.11/9.46,2008/10/6,10-11-2009,2002/3/6,10-23-2001,2003/12/14
393,24.128,(ia),10.79/9.99,2007/9/4,11-18-2002,8-8-2002,2003/11/22,2005/2/16
657,26.191,CT,9.74/9.07,2007/1/28,2002/4/10,2006/7/30,2007/3/20,7-16-2000
984,23.950,La,10.01/8.92,10-23-2006,2002/10/23,11-23-2007,9-27-1992,2002/1/29
433,24.383,GA,9.89/8.59,11-9-2001,7-2-2007,7-1-2006,5-30-2000,2006/4/27
497,24.612,'  CT',8.52/9.50,2004/2/8,12-17-2000,2005/12/28,2002/12/14,11-18-2006
671,21.624,  IL,10.97/11.45,2004/11/12,2004/4/23,2002/1/1,1999/7/11,7-7-2008
945,23.747,'KY',10.47/9.90,3-30-2009,2009/4/14,6-17-2002,1992/8/16,3-17-2007
727,24.614,"""KY""",11.40/10.41,2003/6/22,2001/6/11,10-1-2005,10-23-2000,8-6-2002
601,23.846,AK,11.74/9.27,6-8-2006,10-25-2008,10-7-2000,5-18-1994,7-13-2006
355,23.183,MD,11.91/10.58,11-30-2004,10-8-2006,2008/11/14,8-19-1993,4-9-2004
498,25.070,MA,10.44/9.90,2008/6/21,3-17-2004,2007/5/30,9-13-2003,9-10-2000
651,23.379,  Ky,10.66/10.49,7-10-2001,2004/7/19,2009/4/13,11-1-1998,2001/3/21
131,22.349,"""MI	""",NA/10.24,2006/5/14,2008/3/14,2007/12/14,1990/2/15,1-30-2002
930,23.117,Ib,11.03/9.25,2000/10/10,4-25-2005,2-30-2006,12-18-1991,12-23-2009
326,25.367, id,10.04/10.82,8-12-2002,2009/7/5,3-19-2003,3-13-2002,2007/4/25
625,23.553,AK,9.99/7.90,4-16-2005,1-30-2007,4-10-2004,1997/2/4,2003/6/25
94,22.963,  hi,9.40/11.26,11-27-2009,6-28-2006,2004/10/30,12-28-1993,7-7-2004
680,24.619,Ak,10.92/9.48,5-29-2005,4-3-2000,2-11-2006,11-27-2008,2002/12/18
815,22.365,"""CTCT""",10.57/10.41,2-2-2004,7-7-2001,4-8-2007,7-25-1990,4-17-2009
41,24.321,  IAKS,8.15/9.99,9-9-9,7-5-8,4-12-3,9/10/18,6/11/26
587,23.716,Il	,11.16/9.75,9-27-2004,2000/10/18,2008/7/21,3-23-1993,8-6-2004
420,23.419, kansas,8.69/9.91,2005/2/17,2005/11/9,8-25-2008,1990/5/29,8-12-2002
334,23.926,Hawaii,9.77/9.19,2001/6/28,2-8-2009,3-30-2003,1994/3/15,2008/6/9
363,23.586,Ctct,9.46/11.05,5-14-2001,2004/6/29,3-8-2008,1995/6/25,2001/8/29
220,24.346,  CO,10.21/9.96,2002/6/20,9-22-2009,2009/12/25,2006/7/5,11-7-2003
916,23.217,  md,12.12/10.53,2006/12/11,8-20-2002,9-26-2008,1992/10/26,2005/3/11
62,25.600,  ky,10.47/12.05,2006/3/25,2007/7/17,2005/4/11,2007/7/7,2003/2/30
834,23.564,Hawaii,8.56/9.96,2001/10/3,2000/1/15,2002/5/7,11-17-1997,7-7-2001
322,24.813,  Hawaii,9.18/8.20,2008/8/24,2-16-2001,2002/4/11,6-23-2007,3-25-2008
895,24.574,Il,10.23/10.16,2001/2/18,8-20-2007,2002/4/27,1-1-2000,11-16-2006
756,23.743, mich,8.86/10.38,11-25-2008,2002/1/14,2001/4/5,1993/3/12,2008/2/11
107,22.124,Iaks	,11.10/9.50,2009/1/17,5-6-2009,2002/7/27,1997/2/2,5-26-2001
507,22.593,ks,11.06/10.38,12-23-2005,2006/1/29,3-9-2002,1998/10/17,2-1-2002
163,22.220, arizona,7.48/10.45,2006/11/8,2004/11/20,2-4-2000,1998/6/26,7-28-2005
969,23.820,kansas,10.63/9.55,2001/4/13,10-30-2000,2009/5/1,6-16-1993,2004/2/17
3,24.585,FL	,8.84/9.57,12-16-8,1/2/21,9/11/3,7-4-2,4/7/2
999,22.949,Hawaii,10.24/10.94,2004/7/25,2006/12/28,2001/1/12,8-15-1999,4-8-2007
287,24.723, unknown,8.95/10.94,2009/10/15,2000/6/1,2000/6/23,2001/5/10,6-24-2007
160,24.387,Ky,10.91/9.64,2005/2/3,12-11-2001,2002/11/17,2006/10/1,10-17-2008
389,24.731,"""IL""",10.62/9.25,7-3-2006,2009/5/15,3-25-2007,2008/10/6,2005/2/26
622,23.955,ID,8.67/9.68,2008/7/23,2-19-2007,3-3-2000,1991/5/8,2006/2/21
819,22.923,'IB',9.39/11.74,2007/6/5,2008/8/4,3-9-2000,1990/9/14,3-7-2004
89,25.959,calif,10.54/10.40,2000/5/26,6-27-2008,2-25-2004,10-18-2002,2007/5/14
838,23.577,MA,9.44/10.44,2008/9/8,8-25-2007,2004/3/17,2-5-1991,2008/8/7
976,24.671,hawaii,12.27/10.06,8-10-2007,3-28-2000,7-2-2003,9-14-2009,10-8-2008
30,22.183, KY,9.87/11.06,8-26-3,8-28-0,3/11/10,9-25-1997,11-28-7
581,23.548,hawaii,11.22/9.68,6-19-2003,2003/5/27,9-8-2006,1990/4/7,4-3-2005
439,23.270,  other,11.47/10.06,4-2-2001,10-29-2000,8-8-2002,9-10-1995,12-21-2001
5,24.183,unknown,10.15/10.14,4/8/30,1-23-5,3/11/14,2/5/6,12-18-7
2,24.966,'OI',9.62/10.81,4-2-6,2/8/30,12-20-2,0/9/9,2-13-4
285,24.273,'MI	',10.47/9.90,2009/1/14,3-7-2008,9-20-2009,2003/2/13,2009/3/6
504,24.561,HA	,9.48/10.07,6-12-2007,2006/11/18,1-24-2005,3-7-2005,2000/10/12
931,22.690,IAKS,9.39/9.61,6-18-2003,2004/1/1,2002/7/4,1994/9/29,12-22-2000
768,24.578,'mich',9.47/9.92,2002/12/20,1-16-2006,2005/2/16,2005/11/16,2005/9/18
154,21.639,Co,9.56/8.28,7-10-2007,1-17-2005,1-13-2005,1-20-1991,4-3-2000
551,24.630,AD,9.37/9.47,4-16-2008,2002/8/20,9-21-2000,2001/12/16,2002/4/26
694,23.155,kansas,9.43/9.51,2009/11/10,2008/12/1,1-3-2009,1-16-1994,6-13-2009
70,24.791,  alaska,9.82/10.77,2004/1/1,6-26-2003,9-22-2008,6-23-2004,2009/1/13
720,25.370,Ha,10.15/11.24,4-16-2000,2008/7/3,10-2-2009,10-19-2008,2004/3/22
248,24.203, Hawaii,NA/10.59,2004/1/5,3-4-2007,9-17-2002,3-29-2006,8-21-2002
11,24.119,Hi,9.74/10.23,4/11/8,3/11/2,11-10-4,6/7/29,1/9/9
535,22.715,  la,12.95/10.62,10-1-2008,12-4-2003,8-8-2004,1993/10/23,3-12-2005
323,22.624,GA,9.31/10.40,2007/6/24,2003/3/30,2004/5/5,1994/10/18,2005/7/29
444,25.025, ma,9.28/11.15,2001/4/7,2004/10/2,9-29-2009,4-12-2007,2000/5/22
440,23.117,  AZ,7.70/10.94,5-4-2006,9-1-2002,2001/5/30,1994/6/24,7-9-2004
58,24.317, ind,9.62/9.85,10-19-2003,2006/12/20,2009/4/24,2005/4/29,2004/10/19
4,22.554, FL,10.50/9.72,2/1/29,6-6-3,4-5-6,4-25-1997,7-17-5
843,23.719,La	,9.07/10.30,8-25-2005,2009/9/30,2006/7/18,2-15-1992,2003/10/13
960,23.938,MI,9.84/10.30,2001/10/23,8-10-2008,4-12-2001,11-23-1998,2005/8/21
571,23.458,  ID,9.00/9.13,2001/6/21,2006/4/11,2001/10/7,1995/11/25,2000/6/1
381,22.377,Oi,9.32/9.62,2-11-2006,2003/7/11,2005/12/28,1997/4/15,9-16-2006
340,25.111, HA,11.28/10.96,2008/5/2,12-18-2008,4-24-2007,2007/5/15,2-4-2008
63,23.480,CA,10.00/11.12,6-4-2006,2-22-2008,6-25-2006,1998/9/2,1-8-2009
78,25.504, ME,9.46/10.21,4-18-2001,9-1-2000,2008/3/21,2-5-2005,11-25-2006
429,23.670,hawaii,9.38/10.19,3-9-2000,2002/12/13,11-5-2000,1990/8/3,2000/6/8
825,24.105,MI	,10.06/10x.59,9-15-2005,11-21-2007,2006/8/16,6-21-2006,2001/6/18
376,23.763, LA,12.10/9.40,6-5-2004,2003/7/23,2003/10/30,3-12-1994,2009/1/30
765,22.146,Ha,10.58/10.03,4-21-2005,11-29-2000,2008/10/27,1990/3/30,2005/3/24
260,23.063,'conn',9.53/8.42,9-29-2003,2000/7/13,4-30-2003,1991/8/14,5-23-2005
155,22.159, HI,11.97/8.96,12-5-2002,3-8-2003,6-13-2004,6-26-1991,4-29-2003
704,24.924,unknown,10.74/8.60,2006/1/17,11-3-2008,2009/11/6,2002/9/10,1-21-2008
12,25.173,other,7.96/10.56,9/5/25,7/11/26,4/12/17,8-7-7,12-16-5
989,24.734, CTCT,10.95/9.14,2004/5/9,2003/5/1,2007/9/20,2000/2/3,2000/7/2
110,25.767,Ks,9.60/10.08,5-25-2002,12-2-2005,1-3-2004,10-12-2002,2003/7/4
602,24.398, HA,10.92/9.42,7-8-2005,8-24-2009,2001/8/30,1-30-2009,2006/4/22
913,23.584,Calif,8.89/10.47,2003/8/20,9-25-2000,8-9-2008,7-18-1997,2005/4/12
446,24.915,CT,11.47/11.50,2003/5/20,2001/7/14,2006/9/24,5-12-2008,2002/1/4
362,23.549,'HA',11.13/11.07,2006/10/1,2009/8/29,10-11-2001,1997/8/25,10-4-2008
327,22.888,"""MI""",10.50/10.67,8-16-2005,6-26-2007,2001/4/8,1991/2/16,5-22-2003
338,25.166,' MD',9.11/10.10,2002/9/12,5-17-2007,8-16-2006,2003/1/11,2004/9/30
556,24.577,calif,9.82/9.12,2001/10/22,2003/11/19,2005/4/5,5-18-2003,2002/1/23
324,25.421,Ma,11.17/11.11,2009/4/17,2005/9/23,2008/8/23,4-2-2000,10-28-2004
482,23.910,Oi,9.97/9.71,7-26-2009,4-26-2005,10-2-2002,5-17-1995,4-4-2008
118,24.108, ind,8.32/9.73,2000/4/12,2002/3/12,2009/1/21,2002/3/21,6-20-2008
586,23.572,CO,10.58/9.43,2006/2/4,12-30-2003,4-16-2001,8-26-1994,2006/4/21
457,23.505,"""ind""",10.65/10.41,9-11-2005,2000/9/17,2006/9/1,1994/10/28,2007/9/20
785,25.104,Co,9.23/10.65,5-13-2009,2003/12/1,10-19-2001,1-30-2001,8-20-2005
828,22.126,AD,10.97/8.26,2008/11/30,2003/5/20,4-24-2004,1-12-1994,2-1-2009
854,23.959,KY,10.02/10.14,10-1-2000,2002/7/27,5-30-2004,1-20-1991,3-21-2001
189,24.010,Arizona,10.22/10.53,2004/8/20,2007/1/12,2009/2/4,1-12-2002,2-1-2003
274,23.347, GA,9.43/10.02,12-20-2003,5-5-2007,2006/2/27,3-29-1993,6-12-2008
623,23.837,GA,10.05/7.38,4-25-2002,7-25-2007,9-25-2001,7-18-1992,6-7-2002
980,25.510, AD,9.80/10.20,1-22-2007,2-11-2003,4-9-2009,2005/6/26,2001/3/6
21,23.150,'kansas	',11.00/9.03,9/10/1,2-18-5,12-17-8,1994/8/17,3-14-7
428,24.990,alaska,9.50/11.17,3-16-2003,12-21-2005,2006/2/20,7-12-2006,9-6-2007
731,22.973, LA,9.22/10.29,2001/11/14,6-26-2001,4-10-2004,1993/6/4,4-20-2006
836,23.987,AZ,12.55/11.26,4-14-2004,2001/8/17,6-13-2008,2006/5/18,2002/1/2
280,22.931,In,9.22/9.23,4-22-2008,2000/5/11,2006/2/4,1990/11/19,2002/12/11
194,25.060,  AZ,11.36/9.37,11-18-2004,2002/4/22,8-12-2006,2008/2/4,11-28-2001
947,22.844,Hi,8.24/8.98,2005/12/3,12-7-2008,2007/5/3,1997/4/9,6-10-2009
703,23.233,IAKS,10.92/8.10,2007/4/1,2-10-2003,2005/10/12,1992/9/13,2009/1/22
711,23.665,'GA',11.32/10.24,2005/12/29,3-9-2002,10-16-2000,1990/9/16,2001/2/15
20,25.092,(ia),9.55/11.29,8/6/17,8/11/23,4-29-3,3-9-7,6-14-9
862,22.733,MA,9.83/11.96,2006/5/12,2009/1/29,12-16-2002,5-5-1997,2007/11/9
533,24.174,  DE,8.62/11.93,1-20-2004,2004/12/23,7-5-2008,9-15-2002,2006/8/12
567,24.753,Unknown,10.67/11.13,2007/10/29,4-1-2005,10-1-2009,10-15-2000,2008/10/28
318,22.568, Mi,11.20/11.06,2003/9/7,11-12-2006,2008/8/24,1994/5/2,4-17-2008
712,23.923,Co,11.13/10.79,10-6-2002,2005/9/9,2002/10/12,1-4-1994,7-17-2000
458,24.264,conn,11.93/10.18,4-27-2008,2001/11/24,4-1-2009,4-9-2008,1-5-2003
693,25.650,""" conn""",10.93/11.13,2006/4/19,11-18-2005,2002/10/13,2000/3/3,2008/5/6
769,23.148, Mi,9.09/10.29,2-14-2002,2004/9/11,2-24-2004,1995/11/2,9-12-2002
233,23.901,Hawaii,8.64/9.21,2000/2/15,12-29-2004,1-30-2001,5-11-1990,8-2-2003
185,25.724,"""  unknown""",10.67/12.26,2000/8/14,1-25-2007,6-6-2007,3-15-2005,2008/10/22
316,25.816,kansas,9.79/10.50,4-5-2006,2004/3/5,1-7-2003,4-9-2000,2002/12/25
986,24.260,'Hawaii',9.32/9.33,2009/3/16,2000/1/29,8-12-2000,2006/9/16,11-5-2003
335,25.561,arizona,11.57/10.42,9-10-2008,5-2-2005,2001/2/25,10-29-2007,2001/7/27
688,25.014,Hawaii,9.36/9.39,2-11-2005,2000/9/28,4-8-2008,2000/1/12,10-20-2002
292,23.175,'CO',8.66/9.18,4-7-2008,2005/12/19,2003/12/29,6-27-1996,2-30-2005
367,23.494, AK,11.00/8.60,12-15-2000,2000/1/29,2002/12/23,1998/1/13,9-3-2004
54,23.686,arizona,9.27/8.03,9-27-2005,2-25-2004,10-28-2009,1999/7/23,2004/11/30
364,23.127,Conn,8.97/10.81,2009/11/20,2004/11/21,2005/2/5,1992/5/13,2007/10/14
655,22.558,AD,11.97/10.23,1-20-2002,2008/1/25,2000/3/23,1994/2/8,8-17-2004
598,22.921,De,9.04/9.73,2008/5/7,2005/1/1,2005/8/27,5-25-1998,2006/6/25
286,24.386, hawaii,11.47/11.16,2006/9/23,2001/10/30,10-23-2009,12-11-2005,2-27-2003
596,22.074,Ha,10.27/8.74,2009/2/30,2007/7/15,2005/12/29,1992/9/20,9-14-2001
251,24.249,Ca,9.99/10.76,9-30-2009,2003/8/15,7-9-2008,2-14-2001,10-3-2008
839,22.458,KY,9.05/11.16,2-19-2009,10-8-2007,2006/11/16,1998/12/3,2004/5/1
875,24.408,AL,11.38/9.97,5-16-2007,2000/4/25,6-6-2006,2006/2/11,2009/8/30
844,26.461,"""KY""",11.10/8.67,2003/6/29,7-2-2000,6-9-2008,2001/4/10,2006/3/10
525,23.850,Hawaii,11.55/9.37,2005/11/19,11-6-2004,2006/10/23,3-8-1999,2002/1/27
539,22.528, hawaii,10.56/11.38,2001/5/16,11-19-2007,9-28-2001,4-6-1996,9-4-2000
964,23.854,'AD',9.11/10.28,11-13-2003,9-25-2005,10-13-2009,1993/1/12,2004/4/30
706,24.653,FL,9.82/10.71,2007/3/20,2005/7/19,2001/6/18,10-7-2009,2008/7/17
484,22.336, unknown,9.76/9.17,2-7-2005,2002/6/23,2002/6/14,2-19-1998,2003/2/16
349,23.999,Conn,12.29/11.27,2007/5/4,1-9-2004,12-1-2006,2006/2/30,1-13-2006
488,23.285,other,11.86/9.32,2007/8/23,9-25-2007,2009/5/14,2-6-1992,9-11-2004
619,25.830, (ia),9.87/10.35,2007/8/10,11-28-2003,2-22-2001,10-26-2004,7-26-2004
365,21.445,"""LA	""",11.80/11.11,2000/7/9,4-15-2001,2-1-2002,1994/7/8,9-5-2004
26,23.916, HA,10.13/10.02,2-10-2008,2005/10/9,6-20-2007,2-28-1991,2002/5/15
406,23.380, MA,10.06/9.89,2004/2/20,6-7-2007,2001/12/13,1991/5/8,2-28-2002
784,24.015,'CT',9.46/10.28,4-7-2009,2000/12/12,2008/12/21,2001/12/14,2003/9/11
152,24.584,"""alaska""",10.77/9.44,2008/9/1,11-4-2000,2005/12/9,12-28-2001,2-12-2006
211,24.523,ks,10.11/10.65,8-16-2001,9-8-2002,5-14-2003,4-22-2007,2008/5/11
933,24.535, AD,9.05/10.49,2007/7/25,1-21-2003,9-4-2008,2008/2/12,5-17-2008
361,25.512,Hawaii	,9.99/10.46,2003/9/24,2009/7/19,12-29-2009,1-3-2004,2006/2/15
618,24.520,"""IL	""",10.42/9.63,2007/9/28,7-27-2001,2-10-2006,2001/1/23,3-9-2006
946,25.245,Md	,10.11/9.86,2006/2/15,2004/8/4,7-25-2005,2003/8/22,2-29-2006
225,22.865,AD,12.31/10.10,7-3-2000,2003/9/1,2005/3/1,1-26-1993,2002/4/28
679,25.651, Hawaii,10.73/9.44,12-14-2007,2003/12/1,2004/12/9,4-15-2006,2005/5/20
197,23.041,GA,11.09/9.44,2-12-2002,4-16-2001,2000/3/27,1994/2/6,2001/1/22
537,24.587,AK,9.42/8.89,9-30-2003,8-5-2004,12-5-2008,7-30-2001,7-17-2001
733,25.521,MD,10.21/11.26,6-20-2004,2004/11/5,6-10-2008,2-18-2006,5-13-2006
991,24.652,Md,11.23/10.65,2007/2/15,5-13-2005,3-18-2004,11-27-2007,2003/1/21
846,24.432,Hi,10.43/9.80,2005/11/2,12-15-2009,2006/4/13,2007/8/11,9-27-2000
468,23.305,""" HI""",10.23/10.65,6-7-2001,2004/7/3,2003/9/15,3-29-1998,2009/8/25
517,23.534,'OI',8.85/10.81,2006/2/4,9-14-2005,1-24-2004,1997/3/4,2007/9/7
42,24.071,KY,12.00/8.95,10-19-3,4-9-8,6/6/22,12-22-1,6-1-5
10,24.047, calif,10.37/9.62,1/12/16,3/1/26,8/5/6,9/5/24,12-10-4
874,24.687,"""kansas""",11.06/9.14,2009/5/12,2008/1/27,2004/9/15,2002/8/8,2006/9/14
569,22.750,DE,9.88/9.14,2007/4/6,2009/4/15,9-20-2008,1996/5/30,2002/11/29
272,24.815,""" CTCT""",8.30/9.95,2009/8/4,2006/3/6,2002/6/30,10-19-2006,4-12-2007
501,24.170,'CO',10.98/7.49,2008/4/29,2006/6/2,4-6-2006,12-30-2004,2003/4/30
492,24.522, MA,10.85/10.69,2003/7/15,2001/7/7,2000/3/21,1-27-2003,5-29-2001
275,23.318,Ks,10.14/9.94,10-20-2007,2007/7/19,2004/10/23,1993/6/6,4-24-2009
183,23.552, in,11.14/10.06,4-22-2006,2007/4/28,2002/10/28,1993/8/21,11-6-2000
735,25.257,"""AZ""",10.19/9.01,1-7-2005,2009/4/4,9-25-2003,4-7-2007,2006/4/11
741,24.250,'MI',10.08/10.64,2006/6/28,9-18-2005,7-8-2006,10-29-2007,6-30-2004
448,23.205,CT,11.46/11.02,2005/12/22,8-6-2002,12-2-2004,6-9-1996,10-26-2006
763,24.592,Alaska,9.93/10.39,2000/7/14,4-10-2005,2003/3/29,6-19-2003,3-11-2004
631,23.370,'IL',10.60/9.20,7-28-2001,9-16-2001,7-13-2004,10-10-1990,11-18-2008
226,23.791,Hawaii,9.93/9.95,2005/12/14,4-3-2002,2004/7/14,1998/9/26,2009/3/12
339,24.760,'  CA',10.04/9.02,2005/8/21,2006/12/16,2007/11/11,11-28-2000,12-24-2009
508,24.039,Conn,11.59/11.00,2000/10/15,7-4-2005,2001/4/17,11-20-2005,2001/7/30
852,22.943,"""ME""",11.16/9.60,2002/7/7,2000/5/6,7-29-2004,1991/2/11,2003/1/24
589,24.698,"""AK	""",11.13/12.55,9-22-2005,2000/10/14,2006/8/5,6-19-2008,2002/12/4
56,22.307,Ak,10.51/9.27,2005/1/20,6-10-2008,7-3-2003,11-30-1993,7-22-2001
881,25.427,'  IAKS',9.15/10.00,1-17-2008,2000/9/4,2004/7/7,10-8-2007,2004/10/13
16,23.585, calif,11.57/10.63,10-12-2,8/12/6,4/2/23,10-3-1996,7-1-7
863,24.353,Ak,9.56/11.43,2001/3/16,2006/12/5,7-28-2005,11-15-2001,2005/6/7
352,24.283,Ind,11.07/10.81,2003/6/7,2006/3/13,5-1-2002,8-25-2007,4-7-2009
767,24.630,AZ,11.63/9.33,7-22-2000,8-18-2000,2002/10/7,1-19-2001,3-9-2002
575,24.910, kansas,11.25/9.68,2003/1/10,9-6-2003,2-18-2004,2008/2/19,12-6-2009
676,23.707,Ks,9.91/11.34,2-7-2004,2002/5/9,2-7-2003,1992/1/20,2004/11/11
331,25.537,Ak,10.94/8.60,2009/5/12,11-13-2003,8-9-2009,8-3-2001,2009/1/20
639,23.938,IN,10.64/9.96,5-10-2004,5-23-2004,2005/3/14,1992/5/29,7-27-2001
817,23.017,IB,9.11/10.36,1-1-2001,2004/4/23,2008/6/17,1991/5/13,2005/12/29
829,22.715, id,11.02/10.62,2008/9/18,2002/12/9,2003/10/17,10-28-1992,2006/12/19
9,22.035,unknown,11.96/11.23,4-6-9,5/9/27,12-3-7,12-5-1990,1/5/16
888,22.129,Other,9.72/10.00,2008/10/25,3-14-2000,2008/10/29,1994/1/13,2002/6/12
188,24.929,Me,8.41/10.23,6-7-2001,10-6-2000,8-3-2000,2009/5/16,2009/1/2
415,24.397, kansas,10.33/10.90,2000/4/19,8-11-2003,2002/9/22,2000/4/19,2008/6/13
79,24.502,kansas,11.50/10.14,8-11-2003,2009/10/10,8-19-2000,2-4-2001,10-25-2008
240,23.064,'FL',10.26/8.34,2007/5/15,2004/9/17,2008/12/3,1993/1/15,5-28-2000
912,24.703,  IAKS,11.08/9.43,10-14-2007,2001/9/18,2007/1/19,12-15-2008,2008/2/11
224,24.130, OI,9.41/9.34,11-28-2007,2007/12/25,10-2-2006,4-25-2004,2002/12/12
141,22.928,"""  (ia)""",9.34/10.62,2009/5/7,2006/4/4,11-12-2004,1992/2/27,2002/10/26
235,23.357,' MD',8.30/10.51,4-30-2008,2001/5/13,8-18-2003,4-25-1998,2000/10/22
130,23.212,Ha,9.89/9.44,2001/4/30,9-6-2009,2-19-2006,1996/4/19,8-7-2000
239,23.422,Hawaii,9.90/9.39,3-15-2002,11-19-2006,2002/4/14,9-9-1996,2000/11/20
390,23.138, ma,9.28/9.32,2009/3/6,2005/5/13,2004/1/7,1998/1/4,2003/2/3
622,24.452,ID	,10.23/11.28,2007/12/23,10-17-2009,4-29-2000,12-11-2003,2006/11/10
122,24.821,ks,10.50/8.84,2000/7/28,11-11-2006,2006/2/5,1-9-2008,11-3-2000
749,23.227,MI	,9.89/10.57,4-25-2006,5-14-2006,1-16-2002,5-6-1996,12-18-2009
950,22.866,La	,11.16/10.60,2000/5/21,2008/7/7,2008/6/23,4-26-1996,5-24-2007
298,23.765,AD,10.98/11.75,12-14-2002,2003/4/20,5-15-2006,1997/1/11,2000/1/18
658,25.000,"""  arizona""",8.70/9.30,2002/7/1,2009/6/27,2-5-2003,2003/4/2,2008/5/14
644,25.873,Md,9.08/9.61,7-18-2005,2001/10/1,2009/7/22,12-9-2001,4-3-2008
231,23.657,' IB',10.84/8.65,2007/12/18,2002/12/15,2005/11/5,1996/10/13,9-2-2009
608,24.331,Hawaii,9.56/9.88,1-27-2002,2003/11/4,2009/2/2,3-12-2003,11-14-2004
24,24.742,AK,9.31/9.80,5/9/2,7/5/13,7/12/29,7/10/20,5-29-5
198,26.238, GA,11.05/11.21,2000/12/5,2007/12/25,5-4-2006,2003/8/6,2009/12/16
19,24.234,'ME',9.88/10.93,9-26-8,6/9/24,12-15-7,1/4/19,10-10-4
705,25.884,CA,8.33/10.26,9-10-2003,2000/9/2,9-26-2000,2004/5/22,2001/1/4
92,22.669,Ks,8.73/9.84,6-2-2006,6-20-2003,8-6-2002,1995/11/10,2002/6/6
724,23.708,Ca	,9.98/8.04,11-25-2005,2003/7/25,7-4-2001,1995/2/25,1-15-2009
121,24.168,"""AD""",10.09/10.04,2000/12/20,2004/7/1,2009/10/25,3-17-2000,2008/1/30
436,24.674, IL,9.99/10.98,12-10-2001,2003/6/29,2001/4/14,2009/5/18,3-20-2007
360,24.779, HA,10.65/10.00,9-16-2002,7-4-2004,8-16-2005,2009/5/25,11-26-2009
301,24.822,De,7.52/10.25,3-27-2007,2009/10/26,2007/5/17,12-8-2005,2003/12/19
942,23.585,MI,10.20/8.89,2009/1/6,2006/11/7,2000/7/18,1998/9/21,2008/6/28
761,23.049,ks,9.14/8.97,9-15-2005,2007/2/11,12-29-2007,1995/6/20,6-21-2009
689,24.664, AZ,10.93/9.27,8-9-2003,8-22-2009,8-6-2005,2-13-2006,9-24-2003
395,24.326,Other,7.96/10.96,2009/11/23,8-25-2004,12-28-2001,2-13-2001,11-21-2004
479,24.571,Ctct,9.64/9.52,2001/3/20,2004/2/4,8-14-2003,2008/11/19,2001/7/16
159,24.627,Ak,10.34/10.33,2004/8/12,11-7-2000,2003/3/18,2004/2/24,12-12-2006
906,24.067,Ib	,8.23/10.95,2008/9/24,3-6-2001,2002/4/28,3-23-2007,2008/1/14
803,22.914,'hawaii',10.25/12.18,9-7-2000,2005/11/10,12-26-2007,12-23-1996,1-20-2003
112,23.675,AK	,9.05/9.80,2005/12/14,2002/11/10,2001/2/2,4-23-1996,2-24-2002
776,23.167, KY,9.16/10.27,9-8-2008,2005/6/29,2008/12/29,3-28-1995,4-22-2006
645,24.507,FL,10.80/10.28,3-20-2009,2-6-2005,8-10-2006,2009/3/4,7-13-2002
8,22.549,Ga,10.32/9.75,6-4-2,5-13-3,2/3/17,4-26-1993,8/7/23
821,23.898,AK,12.11/11.03,2004/8/19,6-28-2004,2005/2/9,11-17-1993,2004/7/4
928,24.279, HA,12.22/8.85,2000/6/16,2008/9/13,4-24-2004,2004/3/16,2-23-2008
547,24.554,ID	,8.81/10.97,9-22-2005,2009/2/11,12-2-2002,2003/12/24,8-18-2006
400,23.261,'HA',10.09/11.56,2006/6/10,11-24-2006,2007/10/1,9-11-1994,2002/1/12
297,24.986,"""AK""",8.65/10.48,3-25-2003,12-24-2003,2000/5/28,2-17-2001,2000/8/5
692,24.261,CO,9.91/10.71,2006/12/23,2009/2/28,9-12-2002,2003/5/21,8-24-2003
116,23.459,CT	,10.33/7.84,2007/9/24,12-8-2006,2005/3/8,1990/7/29,2005/6/14
904,22.688,Hawaii,9.47/10.56,5-4-2001,2002/7/7,7-29-2001,8-21-1996,6-8-2008
959,23.505,'MA	',10.26/10.36,2003/6/21,2006/9/1,10-10-2005,1994/4/11,2008/6/11
388,24.842,(ia),10.76/8.58,2003/10/11,2001/2/4,11-9-2007,5-1-2005,2001/12/7
725,23.659,"""arizona""",12.77/10.62,6-14-2009,2006/4/9,11-21-2005,10-13-1999,2-6-2006
911,22.976,Ad,10.07/9.27,2006/3/14,2005/7/8,10-27-2004,2-3-1997,8-27-2002
549,22.738,MA,11.87/10.04,2006/2/11,2006/3/26,2009/12/7,9-4-1994,5-26-2009
341,22.480, hi,9.99/9.74,1-21-2007,2003/9/4,3-18-2006,8-4-1999,2004/9/19
181,24.914,""" mich""",9.87/10.83,2008/5/1,2008/1/28,1-21-2002,2001/11/6,2-11-2002
171,23.492,OI	,8.55/10.05,4-7-2006,2007/10/2,2003/9/28,12-14-1999,8-30-2000
924,24.320,(ia)	,8.80/9.47,2002/12/16,6-26-2000,2008/7/28,2008/3/1,5-5-2009
84,25.141,ID	,10.59/9.93,10-16-2009,2-14-2008,2003/9/24,4-1-2000,2003/6/3
452,24.748,KY	,9.42/11.68,2-28-2002,6-25-2009,4-3-2002,2-16-2004,12-13-2003
25,24.310,IN,9.55/10.76,4/3/25,7/7/18,6-13-0,3/3/2,1/8/13
627,25.771,'OI',9.51/9.27,2008/7/26,4-12-2006,8-18-2007,1-1-2006,2003/3/20
992,26.350,Ks,9.06/10.78,2003/8/5,2005/11/20,4-30-2005,8-23-2003,2000/9/21
877,24.110,DE,8.37/11.25,9-28-2008,4-13-2005,2002/10/5,2002/4/18,5-4-2009
174,25.028,Ga	,8.94/10.13,6-23-2003,2006/10/19,2001/1/29,7-27-2000,2005/9/4
530,23.335,Mich,9.58/10.07,5-28-2004,6-21-2007,2003/5/11,1995/7/26,10-3-2004
466,24.051,ID,9.83/10.34,1-4-2009,6-16-2003,1-28-2007,2003/2/19,2-3-2002
573,23.354,Ca,8.86/8.95,6-14-2009,12-3-2009,2009/4/23,1995/8/20,2009/3/2
216,21.089,Ak	,10.90/11.19,7-4-2005,5-8-2007,6-21-2000,10-30-1995,5-6-2008
955,24.716, unknown,10.89/10.06,2005/1/21,2008/9/27,2006/11/16,5-6-2006,2009/3/13
65,25.415,AL,9.66/9.18,10-18-2003,2001/4/10,2004/2/11,3-28-2006,4-1-2000
374,22.990,Md,9.75/9.20,2002/5/11,5-28-2008,1-1-2006,1991/6/29,2009/8/22
34,24.530,(ia),9.57/10.20,4/4/9,6-10-7,9-5-4,7/3/11,3/8/21
663,23.484, ME,8.18/10.30,2008/4/23,2005/6/5,3-29-2001,5-11-1993,3-4-2001
948,22.481,' unknown',10.21/10.21,12-13-2002,2-30-2000,6-26-2002,10-2-1999,2002/6/1
91,23.950,"""GA	""",11.04/9.68,6-25-2007,5-17-2004,2003/12/18,1995/8/8,2009/5/19
867,24.237,hawaii,10.30/11.84,4-8-2001,2007/7/17,12-4-2001,2005/11/25,2008/3/24
26,24.648,Hawaii,11.48/10.76,2/1/13,4-19-8,2/7/4,2/4/11,7/5/11
775,24.255,ks	,9.05/10.49,2006/3/4,2000/6/9,2007/12/18,2007/10/11,2009/10/1
217,24.860,  fl,8.34/10.87,5-16-2003,8-24-2007,1-22-2008,8-15-2000,9-16-2008
187,23.766,"""GA""",9.86/11.79,2007/5/17,6-12-2004,2008/6/27,3-10-1990,2008/4/13
741,22.700,Ctct,10.42/9.90,5-1-2003,2007/11/13,2003/7/23,2-5-1998,2-24-2001
76,23.344,ME	,9.50/10.95,2000/8/1,9-24-2001,12-21-2004,1994/7/29,10-18-2007
473,24.454,Md,9.25/9.36,9-9-2004,6-23-2004,1-22-2004,2005/5/11,2001/3/12
856,23.046,' IB',11.57/8.86,4-12-2004,6-6-2005,2-28-2009,1991/10/18,3-7-2003
522,25.303, CTCT,10.44/9.10,1-29-2009,2009/10/17,2007/4/23,7-27-2002,2008/9/15
60,23.952,Mich	,9.41/9.87,8-3-2001,2007/11/17,2004/5/25,10-17-1998,2001/7/12
643,24.487,'conn',7.86/10.88,2002/10/2,2-24-2002,2000/5/2,2002/9/14,2-22-2006
550,23.284, IN,9.16/10.43,1-7-2005,10-20-2006,12-17-2001,9-22-1999,7-14-2003
592,24.638,AL,9.87/10.28,6-14-2006,10-28-2005,2-15-2005,3-11-2009,2008/1/15
897,23.360,Hawaii,11.15/9.39,2000/1/20,2008/5/11,2008/1/5,9-12-1993,6-11-2007
759,22.648,Oi,9.16/9.67,2000/2/8,2001/11/10,11-2-2006,1995/7/4,2002/8/16
71,24.835, arizona,10.32/9.30,1-24-2007,2003/12/24,2007/10/14,5-30-2004,5-10-2001
399,24.114, ad,10.51/10.36,2000/9/1,4-21-2000,2002/10/4,2003/7/16,10-28-2002
971,22.395, DE,8.98/10.36,1-7-2009,2004/9/24,2009/5/29,1998/7/15,8-7-2004
681,24.199, hawaii,10.58/9.56,2000/7/17,3-9-2006,9-6-2004,2000/6/3,2002/10/17
770,23.422,"""IN""",10.44/10.91,7-23-2002,7-9-2005,2004/12/8,1991/5/24,8-16-2003
903,23.367,' ID',8.91/8.46,12-25-2009,2009/11/14,12-29-2008,1997/1/9,2008/3/14
595,26.375,LA	,8.81/8.14,2-2-2005,2005/12/18,2008/8/23,8-11-2006,2001/6/14
342,24.715,' LA',9.73/10.68,2000/7/9,6-6-2005,2007/8/24,2000/10/28,2006/11/15
405,24.636,IAKS,10.42/9.68,8-18-2000,12-9-2006,2-12-2005,6-10-2005,2003/1/25
176,21.460,'  DE',10.48/7.74,2004/2/29,2007/5/7,10-4-2006,1995/6/3,2004/7/28
613,22.972,'other',9.25/11.34,2000/5/13,2005/11/29,2009/3/10,8-16-1993,2000/8/14
255,24.684,Kansas,9.92/9.84,11-15-2002,2003/4/25,12-16-2009,2003/4/25,2006/12/5
559,25.506,arizona,11.03/10.06,4-19-2009,2005/8/6,2008/11/18,11-24-2003,2003/3/22
729,22.901,' (ia)',9.39/11.03,3-15-2000,2008/1/29,2006/2/19,11-15-1995,2006/11/30
490,25.119, MA,9.95/9.63,9-25-2001,2005/11/30,2003/2/6,2004/2/19,2009/7/5
214,23.798,'ks',11.52/9.21,10-11-2005,12-16-2001,7-17-2001,11-3-1993,2008/5/11
790,22.830,CA,10.41/12.37,2-15-2000,2003/1/3,8-7-2004,1997/1/4,3-3-2001
345,22.409, unknown,7.68/11.67,2000/7/29,2000/12/14,12-17-2005,1991/11/30,2007/12/2
305,23.380,  MD,9.66/9.86,3-20-2003,6-18-2005,2008/4/21,5-28-1999,2007/8/25
446,24.906,arizona,11.37/8.53,1-25-2001,2008/3/15,12-27-2009,4-24-2007,4-14-2008
652,25.281,Hawaii	,10.03/9.69,2006/4/11,2007/7/5,2005/10/29,7-17-2000,11-23-2004
870,23.274,(ia),10.87/11.85,2-10-2004,2005/5/29,2003/11/25,1994/3/22,9-20-2007
831,25.724,Ak,9.02/9.35,2006/7/9,2006/6/28,6-29-2002,4-8-2003,2005/4/18
308,22.910,"""ME""",7.66/12.06,2008/6/26,11-9-2002,12-20-2002,1995/4/27,2-2-2007
15,24.998,Ctct,10.95/10.05,7-8-5,9/8/7,0/3/20,3/8/7,2-24-9
323,22.356,Md,10.84/9.36,2005/3/26,8-27-2005,5-25-2007,11-17-1995,2008/3/14
383,24.550,MD,9.98/10.79,2000/11/4,2000/12/21,2006/1/7,10-16-2009,2006/1/29
994,23.599,'(ia)',8.60/11.37,3-18-2008,2000/9/15,2007/10/5,11-10-1999,2006/4/30
115,24.418,hawaii,10.46/8.67,3-26-2001,2000/8/11,2001/9/23,8-15-2002,5-18-2009
509,23.553,Other	,11.44/9.11,2000/11/27,2007/3/12,2007/3/21,1993/9/10,10-29-2005
7,22.924,Co,10.34/9.70,1-2-1,1-2-7,9-12-4,1994/2/2,8-19-0
234,24.522,MA,10.88/10.30,11-3-2004,2003/8/6,10-16-2003,11-21-2009,2008/1/6
564,22.067,AD,10.63/9.48,2001/11/16,2002/10/11,2001/1/11,1990/3/13,3-1-2001
611,22.859,Arizona,11.19/9.93,2007/7/2,9-7-2000,10-28-2002,7-28-1997,5-3-2009
408,25.404, Hawaii,9.28/9.40,2002/4/30,2004/10/21,2003/11/9,1-21-2009,2008/9/11
86,22.000,Md,9.22/9.20,2004/2/18,2-1-2001,2002/2/30,3-9-1991,2002/7/10
956,24.615,GA	,9.89/10.22,2002/4/20,7-9-2003,2006/5/11,2000/3/15,2006/12/22
635,23.912,'AZ',9.25/7.89,2007/6/10,2000/11/6,12-22-2003,1995/1/17,2001/7/17
966,22.717,mich,10.17/9.40,2006/2/29,9-13-2005,2001/5/3,8-9-1991,10-27-2003
354,23.620,Iaks,7.81/8.99,2002/11/2,4-24-2008,1-1-2006,1991/12/14,10-29-2004
126,24.436,'CA',9.39/9.64,2009/8/20,7-20-2006,4-18-2002,2005/6/19,2-10-2005
213,24.616, Me,NA/10.19,6-1-2001,2001/5/29,2003/1/10,11-25-2007,7-3-2004
833,22.963, CT,9.74/12.55,2002/9/7,2002/8/3,2-6-2008,1998/7/10,4-3-2006
745,24.590,ME,11.08/9.17,2009/2/16,2002/7/19,2-1-2005,10-9-2000,2009/4/30
565,24.976, (Ia),9.48/9.51,2007/3/2,4-7-2009,5-25-2001,2-28-2000,8-27-2001
743,24.039, conn,10.69/8.75,5-20-2007,10-17-2008,1-10-2004,3-22-2000,12-28-2008
802,23.877,Conn,12.20/10.87,4-7-2009,7-27-2005,2003/3/9,1997/1/1,2007/12/26
49,21.964,'calif',11.51/9.01,3/3/26,6/5/11,4-15-0,12-12-1999,1-14-0
941,23.036,Ga,11.88/8.74,2002/5/21,2-18-2008,4-22-2008,12-27-1993,10-10-2004
995,25.868, Ak,9.37/11.66,12-26-2008,1-2-2004,2003/9/18,3-7-2005,2001/10/26
961,23.319,MD,9.96/10.16,7-3-2006,1-18-2004,11-10-2002,5-18-1990,7-25-2001
377,26.105,AK,6.94/10.00,2003/5/16,5-14-2000,2009/4/12,2004/6/4,12-22-2002
478,24.731,  hawaii,11.05/8.13,6-10-2005,1-3-2000,2001/2/27,2008/4/25,2004/9/2
859,26.540,ks,10.59/8.87,2001/7/25,10-4-2008,9-18-2001,6-28-2000,4-28-2005
499,25.682,AZ,10.07/10.99,2002/8/13,1-10-2004,2001/7/16,2002/2/27,2009/4/23
898,25.528,""" IAKS""",9.02/10.85,2003/5/9,2007/10/18,2009/3/30,12-26-2004,2003/10/24
394,24.744, calif,8.89/8.45,10-26-2001,8-12-2002,10-12-2005,3-13-2001,7-18-2003
486,23.807,"""AK""",9.43/9.59,12-4-2002,11-7-2003,2009/2/13,1990/11/28,5-15-2006
893,24.403, Hawaii,10.62/11.60,2003/1/2,7-29-2008,2004/4/1,2005/11/30,1-5-2007
55,23.371,""" AD""",10.24/9.52,5-11-2001,4-2-2000,5-17-2007,7-13-1991,2005/7/9
804,22.820,"""HI	""",9.51/8.65,12-13-2009,9-16-2002,2009/5/8,1991/3/5,9-16-2005
61,23.847,CTCT	,9.82/8.72,8-2-2006,6-6-2005,5-15-2002,1993/2/7,2001/11/9
291,24.269, Ma,9.84/8.24,11-21-2006,2000/10/18,2002/6/26,2005/7/22,11-29-2008
500,23.924, FL,10.40/11.19,2005/3/12,2002/9/26,2006/11/17,5-26-1990,7-24-2001
418,23.651,MA,10.10/10.08,1-12-2003,6-25-2000,3-2-2006,1996/4/24,7-11-2001
143,24.711,Mich,9.96/11.22,2006/2/23,3-9-2006,2005/11/8,2004/3/27,2003/8/24
952,24.649,"""Hawaii""",9.76/11.11,10-22-2002,2001/5/21,3-2-2006,1-24-2008,9-2-2006
293,23.966, id,9.03/11.98,3-5-2000,2003/2/11,2007/8/19,1996/8/18,2009/2/17
39,23.960,HI,10.89/9.87,2-3-0,5-4-3,7-28-0,1996/5/11,4-7-3
328,24.340, LA,10.70/11.57,2003/8/25,2001/2/18,1-10-2002,2008/12/7,4-4-2005
204,23.950,'unknown',9.45/11.64,2008/9/4,2002/6/17,1-12-2005,4-26-1991,2003/9/3
432,23.055,IN,10.87/11.43,2002/8/10,3-17-2006,1-28-2007,7-27-1996,2006/3/11
574,23.881, CT,10.31/9.61,2008/11/10,5-4-2001,2003/10/6,10-6-1991,6-24-2008
261,23.686,  Ak,9.62/11.12,2006/7/14,6-1-2008,11-17-2008,2-19-1996,11-22-2008
796,22.606,HA,10.05/9.31,7-13-2001,6-25-2004,2005/5/21,1994/6/8,6-10-2000
921,25.183, IAKS,11.70/10.64,2008/12/29,2002/6/21,2003/12/25,7-18-2009,2001/5/8
882,24.292, AK,9.32/9.80,2009/1/29,2-26-2009,11-26-2007,2003/6/16,2000/1/14
218,24.642,Il,9.60/8.54,2000/4/6,2000/2/8,2005/4/19,1-1-2009,2003/5/24
75,24.449,'MD',9.22/12.02,10-11-2001,2003/2/30,2007/4/9,2009/5/26,8-17-2002
696,25.930,IL,10.56/10.62,5-19-2009,12-29-2003,5-28-2003,2000/2/28,2009/2/24
939,25.266,Arizona,10.04/11.12,1-9-2007,2009/10/2,2000/6/16,1-19-2007,2002/1/9
753,24.779,"""FL""",9.18/10.90,3-9-2003,12-7-2009,2001/2/12,2007/1/30,2004/4/20
52,23.530,HI,10.33/10.33,2-24-2001,5-24-2002,2000/2/13,1997/11/15,6-1-2001
935,23.069,AZ,9.87/11.83,2000/8/4,5-9-2009,2002/6/4,5-24-1998,2008/1/21
64,22.981, other,9.72/11.40,8-10-2002,2004/1/13,4-13-2008,12-8-1998,2009/4/3
734,22.827,CT,8.48/8.39,6-26-2000,2003/2/14,6-21-2001,1995/12/19,2008/8/14
685,25.654,HA	,8.82/10.04,2006/12/14,5-30-2007,6-27-2004,7-25-2003,2003/12/21
901,23.637,AZ,9.72/10.12,3-16-2005,5-19-2004,4-24-2008,8-12-1997,2000/2/14
664,24.046, HI,10.57/8.85,2007/9/27,12-29-2008,2009/3/10,10-11-2002,6-1-2007
941,23.655,'  FL',9.52/9.93,2004/8/23,2-4-2004,8-30-2005,11-11-1990,2008/2/30
115,23.193,ID,9.15/8.89,9-25-2001,8-28-2005,2002/2/6,7-6-1992,5-10-2005
666,26.207,ME,10.64/11.62,2002/9/9,2003/3/18,2007/10/13,2002/3/30,2-23-2005
309,24.612,CO,9.02/9.44,2004/2/7,7-26-2004,2005/4/20,10-14-2007,2001/1/13
653,24.614,CO,10.44/9.51,7-12-2005,12-15-2004,2003/12/12,2009/7/21,2007/8/29
925,24.130, Az,10.03/9.74,2003/1/8,3-3-2009,2001/1/15,2003/5/23,7-22-2006
425,23.647,Other,9.18/11.79,2005/5/14,1-8-2003,2007/2/26,4-30-1998,11-30-2005
967,23.257,(ia),11.00/10.55,8-19-2007,8-9-2004,3-23-2005,1-6-1994,12-30-2004
146,23.300, AL,11.61/9.06,2003/12/15,2007/7/2,8-20-2009,4-16-1995,2002/9/13
974,24.440,(ia),8.20/11.17,5-8-2001,7-18-2001,2009/5/6,2003/2/28,3-13-2009
158,24.212, GA,9.73/9.69,2002/11/28,12-27-2002,12-14-2002,2002/9/13,7-8-2008
690,25.233,CO,9.05/9.61,9-21-2000,9-7-2008,10-21-2008,4-29-2002,2006/2/16
576,25.048,arizona,10.08/12.14,2008/6/7,2007/12/15,2000/3/13,2008/10/20,3-25-2005
791,24.804,(ia),10.52/10.52,2003/8/3,2005/9/1,11-9-2000,2002/4/28,10-14-2009
344,23.599,mich,9.07/8.91,2-4-2009,8-30-2003,8-22-2001,1990/9/12,2007/9/26
558,25.064,CTCT,10.36/10.14,10-14-2001,1-29-2006,1-29-2009,12-1-2002,2000/8/12
633,22.363,La,11.41/10x.17,2001/5/11,4-6-2007,9-12-2003,1998/9/18,2001/11/7
356,23.086,"""unknown""",10.74/9.35,2001/7/1,2006/8/5,2-21-2003,11-9-1992,2005/10/19
320,23.508, Ma,9.99/8.42,2001/8/30,2003/12/21,2003/8/30,8-11-1992,4-10-2003
209,23.903,' ks',9.66/9.11,3-1-2007,2002/4/18,2002/6/12,1991/5/23,3-11-2007
757,23.447, DE,9.49/9.96,2-2-2004,2009/10/15,2006/5/17,9-26-1998,2002/8/28
977,24.794,DE,9.69/10.48,2006/3/21,6-6-2009,2001/8/1,2003/3/28,8-24-2006
228,21.836,IN,8.99/8.61,2008/3/23,2008/1/19,2000/2/1,1998/11/3,2005/9/4
404,24.218,Kansas,11.41/9.48,5-13-2003,2000/4/8,2008/2/2,1-13-2003,2005/9/25
259,23.295,other,10.03/9.79,4-23-2007,2007/7/12,2001/6/29,1998/8/10,2002/9/24
133,23.425,(ia)	,9.71/9.48,2004/2/24,5-30-2007,2004/12/29,8-3-1990,2008/12/20
1,22.890,""" IN""",10.47/11.27,0/5/27,1-16-3,9-15-6,1992/2/8,6-7-8
23,25.398,  AL,9.77/9.10,6/1/8,8-8-1,5/11/4,6/11/12,5-11-5
577,24.953, ib,8.92/8.97,2002/7/15,2006/7/17,2001/10/6,2007/4/13,2007/6/11
606,22.297,Hawaii,11.31/10.64,2002/12/21,12-22-2006,2007/5/28,8-16-1998,1-12-2006
329,23.226,'  KY',11.23/11.16,11-18-2005,2001/1/2,2001/3/20,9-22-1990,1-20-2006
268,23.073,AZ,10.16/9.82,5-7-2008,8-30-2003,2-23-2005,1992/9/1,1-5-2003
917,22.835,alaska,10.05/8.87,2006/1/18,2006/11/27,2002/2/6,12-27-1997,7-22-2006
570,23.520, mich,9.02/10.41,2007/11/2,2005/1/23,2005/12/26,12-21-1999,2004/6/16
438,25.030,""" (ia)""",9.32/8.83,2009/10/14,7-1-2004,2002/11/2,11-27-2004,6-9-2008
252,25.414,kansas,9.91/11.82,2006/8/22,5-23-2000,4-4-2007,5-27-2006,10-18-2003
579,22.644, unknown,8.24/9.28,2008/3/6,2006/6/8,2003/3/7,9-25-1999,2006/1/4
751,25.861, MD,10.13/9.33,9-6-2005,2006/9/1,2-9-2001,2-18-2009,8-29-2009
640,23.606,MD,10.20/10.00,2009/6/15,2004/11/29,1-19-2006,1996/1/13,11-1-2006
397,24.402, mich,9.57/11.66,3-21-2009,2-23-2004,5-7-2005,2002/10/11,2-22-2006
832,23.375,conn,10.09/10.34,8-4-2002,2006/3/22,2000/8/22,10-21-1993,3-6-2005
521,23.998,OI,9.91/10.04,2003/10/2,2004/2/14,9-26-2002,2009/12/15,8-25-2000
249,22.438,Ct,10.36/9.80,2-9-2004,2001/5/13,4-25-2005,4-26-1992,2009/1/3
560,24.092,GA,9.26/9.28,2001/11/12,9-12-2005,2007/1/22,2009/3/17,8-4-2002
140,23.892,  MD,9.18/9.40,2007/10/30,2007/5/18,1-28-2007,1991/10/17,2008/4/3
871,25.052,calif,9.06/9.42,12-20-2008,9-7-2005,2001/7/15,2005/9/27,2007/2/3
17,23.765,Arizona,11.25/12.59,12-30-6,2-11-1,9/4/13,4-17-1992,7-12-5
841,25.125,arizona,10.11/11.05,7-7-2009,6-2-2003,2009/11/5,6-26-2000,2003/4/20
430,23.479,ks	,11.87/9.92,2005/3/12,2008/5/18,5-24-2004,1999/8/17,2006/4/8
801,22.721, OI,8.49/8.51,5-15-2008,2000/6/22,5-6-2002,1995/2/13,2003/8/25
647,25.400,"""Hawaii""",8.94/10.40,2003/1/12,10-26-2005,3-28-2005,2001/6/2,5-20-2007
343,24.926,Unknown,10.89/9.59,2000/9/2,2008/1/30,2003/7/19,2006/2/14,6-27-2007
85,23.364,Ky,10.32/10.13,7-25-2000,4-25-2003,2001/5/12,2-4-1995,8-17-2002
889,24.488,Unknown,7.87/10.78,2006/4/8,7-18-2002,2001/6/21,7-22-2000,2004/11/5
879,25.276,'CTCT	',10.42/9.09,10-24-2008,5-1-2004,8-15-2000,12-30-2000,2003/8/15
294,23.664,AK,9.19/9.96,2005/5/20,1-19-2002,2003/2/4,1999/1/27,2005/4/2
526,25.267,IL	,9.99/11.49,9-16-2007,2001/9/21,2007/1/22,2001/12/15,9-28-2003
153,23.166,La,7.30/10.77,12-7-2004,2008/11/11,2005/5/9,1998/3/4,3-14-2009
443,24.149,Hawaii,10.25/12.30,2006/7/18,2001/10/4,2002/2/27,1-5-2002,4-12-2007
125,25.714,Me,9.19/9.61,11-26-2008,5-1-2007,2-1-2005,2009/11/5,1-15-2005
403,23.804,'AZ',9.17/8.72,5-12-2008,10-12-2008,2009/5/27,1991/12/12,2006/7/18
905,22.762,'GA',8.49/10.24,2-15-2003,2005/10/18,2006/8/12,11-6-1990,2002/11/11
148,21.886,CA,9.53/10.61,2002/3/10,6-13-2003,2009/2/12,9-7-1993,2009/6/16
192,24.938,Ctct,9.78/8.98,2005/2/23,2007/11/29,7-29-2000,6-1-2003,9-23-2003
736,24.282,'AL',9.53/10.69,10-24-2004,3-12-2007,6-19-2006,7-19-2000,7-4-2009
424,25.539,Ma,9.45/10.15,2003/2/27,2004/3/30,4-25-2001,2002/2/29,1-3-2000
808,24.665,Hawaii	,9.43/11.02,8-16-2006,2008/12/28,9-15-2009,11-5-2006,6-5-2006
387,22.674,""" AL""",10.60/8.86,2002/8/18,1-3-2007,2002/12/1,1993/2/4,2007/9/16
612,23.486,FL,10.47/10.23,10-5-2006,2005/11/16,6-9-2008,1996/11/3,2008/4/10
